killer+whale,killer+whale_10261.jpg,killer+whale_10156.jpg,killer+whale_10175.jpg,killer+whale_10168.jpg,killer+whale_10246.jpg,killer+whale_10159.jpg,killer+whale_10167.jpg,killer+whale_10227.jpg,killer+whale_10094.jpg,killer+whale_10223.jpg,killer+whale_10074.jpg,killer+whale_10235.jpg,killer+whale_10201.jpg,killer+whale_10149.jpg,killer+whale_10148.jpg,killer+whale_10072.jpg,killer+whale_10084.jpg,killer+whale_10031.jpg,killer+whale_10244.jpg,killer+whale_10183.jpg,killer+whale_10086.jpg,killer+whale_10039.jpg,killer+whale_10002.jpg,killer+whale_10007.jpg,killer+whale_10158.jpg,killer+whale_10147.jpg,killer+whale_10195.jpg,killer+whale_10214.jpg,killer+whale_10125.jpg,killer+whale_10254.jpg,killer+whale_10102.jpg,killer+whale_10053.jpg,killer+whale_10066.jpg,killer+whale_10253.jpg,killer+whale_10023.jpg,killer+whale_10181.jpg,killer+whale_10089.jpg,killer+whale_10101.jpg,killer+whale_10003.jpg,killer+whale_10114.jpg
rabbit,rabbit_11019.jpg,rabbit_10438.jpg,rabbit_10264.jpg,rabbit_11013.jpg,rabbit_10790.jpg,rabbit_10838.jpg,rabbit_10382.jpg,rabbit_10414.jpg,rabbit_10018.jpg,rabbit_10847.jpg,rabbit_10973.jpg,rabbit_10764.jpg,rabbit_10580.jpg,rabbit_10187.jpg,rabbit_10880.jpg,rabbit_10514.jpg,rabbit_10612.jpg,rabbit_10354.jpg,rabbit_10709.jpg,rabbit_10566.jpg,rabbit_10454.jpg,rabbit_10975.jpg,rabbit_10585.jpg,rabbit_10725.jpg,rabbit_10593.jpg,rabbit_10607.jpg,rabbit_10083.jpg,rabbit_11040.jpg,rabbit_10798.jpg,rabbit_10655.jpg,rabbit_10464.jpg,rabbit_10785.jpg,rabbit_10158.jpg,rabbit_11010.jpg,rabbit_10702.jpg,rabbit_10338.jpg,rabbit_10697.jpg,rabbit_10926.jpg,rabbit_10552.jpg,rabbit_11006.jpg
polar+bear,polar+bear_10278.jpg,polar+bear_10233.jpg,polar+bear_10462.jpg,polar+bear_10167.jpg,polar+bear_10551.jpg,polar+bear_10613.jpg,polar+bear_10306.jpg,polar+bear_10351.jpg,polar+bear_10565.jpg,polar+bear_10591.jpg,polar+bear_10493.jpg,polar+bear_10645.jpg,polar+bear_10301.jpg,polar+bear_10707.jpg,polar+bear_10122.jpg,polar+bear_10560.jpg,polar+bear_10310.jpg,polar+bear_10619.jpg,polar+bear_10020.jpg,polar+bear_10208.jpg,polar+bear_10078.jpg,polar+bear_10621.jpg,polar+bear_10160.jpg,polar+bear_10235.jpg,polar+bear_10610.jpg,polar+bear_10507.jpg,polar+bear_10757.jpg,polar+bear_10117.jpg,polar+bear_10682.jpg,polar+bear_10743.jpg,polar+bear_10071.jpg,polar+bear_10309.jpg,polar+bear_10612.jpg,polar+bear_10694.jpg,polar+bear_10599.jpg,polar+bear_10243.jpg,polar+bear_10228.jpg,polar+bear_10326.jpg,polar+bear_10738.jpg,polar+bear_10368.jpg
bat,bat_10216.jpg,bat_10227.jpg,bat_10241.jpg,bat_10048.jpg,bat_10014.jpg,bat_10248.jpg,bat_10163.jpg,bat_10101.jpg,bat_10162.jpg,bat_10246.jpg,bat_10332.jpg,bat_10340.jpg,bat_10236.jpg,bat_10119.jpg,bat_10043.jpg,bat_10053.jpg,bat_10341.jpg,bat_10290.jpg,bat_10002.jpg,bat_10066.jpg,bat_10214.jpg,bat_10377.jpg,bat_10307.jpg,bat_10010.jpg,bat_10003.jpg,bat_10289.jpg,bat_10349.jpg,bat_10285.jpg,bat_10098.jpg,bat_10033.jpg,bat_10258.jpg,bat_10040.jpg,bat_10234.jpg,bat_10221.jpg,bat_10281.jpg,bat_10210.jpg,bat_10312.jpg,bat_10223.jpg,bat_10058.jpg,bat_10154.jpg
buffalo,buffalo_10322.jpg,buffalo_10419.jpg,buffalo_10241.jpg,buffalo_10224.jpg,buffalo_10474.jpg,buffalo_10782.jpg,buffalo_10723.jpg,buffalo_10851.jpg,buffalo_10455.jpg,buffalo_10173.jpg,buffalo_10602.jpg,buffalo_10125.jpg,buffalo_10047.jpg,buffalo_10567.jpg,buffalo_10102.jpg,buffalo_10561.jpg,buffalo_10083.jpg,buffalo_10084.jpg,buffalo_10833.jpg,buffalo_10595.jpg,buffalo_10596.jpg,buffalo_10025.jpg,buffalo_10509.jpg,buffalo_10431.jpg,buffalo_10553.jpg,buffalo_10385.jpg,buffalo_10299.jpg,buffalo_10236.jpg,buffalo_10164.jpg,buffalo_10647.jpg,buffalo_10018.jpg,buffalo_10465.jpg,buffalo_10248.jpg,buffalo_10157.jpg,buffalo_10570.jpg,buffalo_10808.jpg,buffalo_10628.jpg,buffalo_10185.jpg,buffalo_10590.jpg,buffalo_10487.jpg
ox,ox_10080.jpg,ox_10545.jpg,ox_10320.jpg,ox_10024.jpg,ox_10150.jpg,ox_10119.jpg,ox_10556.jpg,ox_10388.jpg,ox_10103.jpg,ox_10160.jpg,ox_10496.jpg,ox_10196.jpg,ox_10111.jpg,ox_10066.jpg,ox_10681.jpg,ox_10714.jpg,ox_10508.jpg,ox_10370.jpg,ox_10525.jpg,ox_10688.jpg,ox_10333.jpg,ox_10607.jpg,ox_10201.jpg,ox_10164.jpg,ox_10446.jpg,ox_10223.jpg,ox_10069.jpg,ox_10575.jpg,ox_10537.jpg,ox_10418.jpg,ox_10140.jpg,ox_10044.jpg,ox_10003.jpg,ox_10132.jpg,ox_10118.jpg,ox_10033.jpg,ox_10142.jpg,ox_10115.jpg,ox_10407.jpg,ox_10707.jpg
dolphin,dolphin_10506.jpg,dolphin_10562.jpg,dolphin_10766.jpg,dolphin_10319.jpg,dolphin_10834.jpg,dolphin_10400.jpg,dolphin_10407.jpg,dolphin_10036.jpg,dolphin_10557.jpg,dolphin_10159.jpg,dolphin_10069.jpg,dolphin_10382.jpg,dolphin_10246.jpg,dolphin_10846.jpg,dolphin_10072.jpg,dolphin_10405.jpg,dolphin_10321.jpg,dolphin_10391.jpg,dolphin_10028.jpg,dolphin_10742.jpg,dolphin_10136.jpg,dolphin_10532.jpg,dolphin_10300.jpg,dolphin_10195.jpg,dolphin_10306.jpg,dolphin_10630.jpg,dolphin_10304.jpg,dolphin_10734.jpg,dolphin_10254.jpg,dolphin_10107.jpg,dolphin_10470.jpg,dolphin_10291.jpg,dolphin_10676.jpg,dolphin_10094.jpg,dolphin_10413.jpg,dolphin_10439.jpg,dolphin_10088.jpg,dolphin_10600.jpg,dolphin_10633.jpg,dolphin_10901.jpg
mouse,mouse_10149.jpg,mouse_10082.jpg,mouse_10153.jpg,mouse_10034.jpg,mouse_10033.jpg,mouse_10026.jpg,mouse_10073.jpg,mouse_10160.jpg,mouse_10167.jpg,mouse_10110.jpg,mouse_10065.jpg,mouse_10062.jpg,mouse_10008.jpg,mouse_10179.jpg,mouse_10049.jpg,mouse_10152.jpg,mouse_10096.jpg,mouse_10027.jpg,mouse_10023.jpg,mouse_10126.jpg,mouse_10124.jpg,mouse_10092.jpg,mouse_10007.jpg,mouse_10135.jpg,mouse_10138.jpg,mouse_10081.jpg,mouse_10128.jpg,mouse_10112.jpg,mouse_10077.jpg,mouse_10004.jpg,mouse_10184.jpg,mouse_10014.jpg,mouse_10060.jpg,mouse_10095.jpg,mouse_10052.jpg,mouse_10024.jpg,mouse_10075.jpg,mouse_10002.jpg,mouse_10058.jpg,mouse_10019.jpg
hamster,hamster_10378.jpg,hamster_10504.jpg,hamster_10708.jpg,hamster_10580.jpg,hamster_10077.jpg,hamster_10620.jpg,hamster_10135.jpg,hamster_10039.jpg,hamster_10694.jpg,hamster_10368.jpg,hamster_10334.jpg,hamster_10510.jpg,hamster_10667.jpg,hamster_10725.jpg,hamster_10187.jpg,hamster_10277.jpg,hamster_10714.jpg,hamster_10638.jpg,hamster_10563.jpg,hamster_10387.jpg,hamster_10388.jpg,hamster_10419.jpg,hamster_10626.jpg,hamster_10508.jpg,hamster_10349.jpg,hamster_10681.jpg,hamster_10332.jpg,hamster_10045.jpg,hamster_10239.jpg,hamster_10752.jpg,hamster_10372.jpg,hamster_10081.jpg,hamster_10721.jpg,hamster_10444.jpg,hamster_10459.jpg,hamster_10526.jpg,hamster_10643.jpg,hamster_10084.jpg,hamster_10248.jpg,hamster_10436.jpg
zebra,zebra_10756.jpg,zebra_11096.jpg,zebra_10269.jpg,zebra_10289.jpg,zebra_10711.jpg,zebra_10451.jpg,zebra_10833.jpg,zebra_10403.jpg,zebra_10564.jpg,zebra_10328.jpg,zebra_10570.jpg,zebra_10551.jpg,zebra_10828.jpg,zebra_11107.jpg,zebra_11078.jpg,zebra_11130.jpg,zebra_10086.jpg,zebra_10524.jpg,zebra_11166.jpg,zebra_10922.jpg,zebra_10742.jpg,zebra_10068.jpg,zebra_11059.jpg,zebra_10033.jpg,zebra_10581.jpg,zebra_10541.jpg,zebra_10078.jpg,zebra_10038.jpg,zebra_10237.jpg,zebra_10963.jpg,zebra_10155.jpg,zebra_10355.jpg,zebra_11082.jpg,zebra_10736.jpg,zebra_10748.jpg,zebra_10920.jpg,zebra_10951.jpg,zebra_10075.jpg,zebra_10131.jpg,zebra_10046.jpg
beaver,beaver_10036.jpg,beaver_10122.jpg,beaver_10041.jpg,beaver_10097.jpg,beaver_10079.jpg,beaver_10174.jpg,beaver_10142.jpg,beaver_10165.jpg,beaver_10143.jpg,beaver_10159.jpg,beaver_10175.jpg,beaver_10151.jpg,beaver_10133.jpg,beaver_10078.jpg,beaver_10007.jpg,beaver_10116.jpg,beaver_10054.jpg,beaver_10179.jpg,beaver_10189.jpg,beaver_10112.jpg,beaver_10077.jpg,beaver_10141.jpg,beaver_10038.jpg,beaver_10176.jpg,beaver_10162.jpg,beaver_10144.jpg,beaver_10015.jpg,beaver_10017.jpg,beaver_10180.jpg,beaver_10055.jpg,beaver_10185.jpg,beaver_10113.jpg,beaver_10146.jpg,beaver_10128.jpg,beaver_10024.jpg,beaver_10154.jpg,beaver_10086.jpg,beaver_10187.jpg,beaver_10093.jpg,beaver_10022.jpg
chimpanzee,chimpanzee_10090.jpg,chimpanzee_10503.jpg,chimpanzee_10613.jpg,chimpanzee_10640.jpg,chimpanzee_10389.jpg,chimpanzee_10239.jpg,chimpanzee_10218.jpg,chimpanzee_10165.jpg,chimpanzee_10621.jpg,chimpanzee_10607.jpg,chimpanzee_10010.jpg,chimpanzee_10259.jpg,chimpanzee_10533.jpg,chimpanzee_10587.jpg,chimpanzee_10356.jpg,chimpanzee_10260.jpg,chimpanzee_10204.jpg,chimpanzee_10169.jpg,chimpanzee_10295.jpg,chimpanzee_10504.jpg,chimpanzee_10110.jpg,chimpanzee_10455.jpg,chimpanzee_10712.jpg,chimpanzee_10682.jpg,chimpanzee_10673.jpg,chimpanzee_10487.jpg,chimpanzee_10446.jpg,chimpanzee_10634.jpg,chimpanzee_10013.jpg,chimpanzee_10404.jpg,chimpanzee_10396.jpg,chimpanzee_10167.jpg,chimpanzee_10164.jpg,chimpanzee_10398.jpg,chimpanzee_10217.jpg,chimpanzee_10232.jpg,chimpanzee_10173.jpg,chimpanzee_10309.jpg,chimpanzee_10499.jpg,chimpanzee_10358.jpg
skunk,skunk_10023.jpg,skunk_10074.jpg,skunk_10155.jpg,skunk_10184.jpg,skunk_10022.jpg,skunk_10077.jpg,skunk_10086.jpg,skunk_10084.jpg,skunk_10025.jpg,skunk_10119.jpg,skunk_10014.jpg,skunk_10030.jpg,skunk_10041.jpg,skunk_10187.jpg,skunk_10144.jpg,skunk_10005.jpg,skunk_10185.jpg,skunk_10167.jpg,skunk_10039.jpg,skunk_10097.jpg,skunk_10002.jpg,skunk_10162.jpg,skunk_10153.jpg,skunk_10055.jpg,skunk_10114.jpg,skunk_10152.jpg,skunk_10075.jpg,skunk_10043.jpg,skunk_10021.jpg,skunk_10168.jpg,skunk_10128.jpg,skunk_10160.jpg,skunk_10181.jpg,skunk_10096.jpg,skunk_10042.jpg,skunk_10015.jpg,skunk_10046.jpg,skunk_10109.jpg,skunk_10186.jpg,skunk_10003.jpg
chihuahua,chihuahua_10160.jpg,chihuahua_10563.jpg,chihuahua_10546.jpg,chihuahua_10538.jpg,chihuahua_10439.jpg,chihuahua_10327.jpg,chihuahua_10115.jpg,chihuahua_10192.jpg,chihuahua_10266.jpg,chihuahua_10291.jpg,chihuahua_10155.jpg,chihuahua_10121.jpg,chihuahua_10512.jpg,chihuahua_10007.jpg,chihuahua_10471.jpg,chihuahua_10492.jpg,chihuahua_10450.jpg,chihuahua_10159.jpg,chihuahua_10496.jpg,chihuahua_10004.jpg,chihuahua_10135.jpg,chihuahua_10454.jpg,chihuahua_10486.jpg,chihuahua_10226.jpg,chihuahua_10280.jpg,chihuahua_10341.jpg,chihuahua_10268.jpg,chihuahua_10198.jpg,chihuahua_10382.jpg,chihuahua_10374.jpg,chihuahua_10072.jpg,chihuahua_10355.jpg,chihuahua_10500.jpg,chihuahua_10028.jpg,chihuahua_10264.jpg,chihuahua_10001.jpg,chihuahua_10349.jpg,chihuahua_10376.jpg,chihuahua_10190.jpg,chihuahua_10345.jpg
lion,lion_10463.jpg,lion_10888.jpg,lion_10105.jpg,lion_10359.jpg,lion_10535.jpg,lion_10039.jpg,lion_10174.jpg,lion_10006.jpg,lion_10406.jpg,lion_10470.jpg,lion_10378.jpg,lion_10747.jpg,lion_10356.jpg,lion_10027.jpg,lion_11018.jpg,lion_10694.jpg,lion_10949.jpg,lion_10824.jpg,lion_10396.jpg,lion_10905.jpg,lion_10250.jpg,lion_10973.jpg,lion_10461.jpg,lion_10458.jpg,lion_10721.jpg,lion_10213.jpg,lion_10135.jpg,lion_10001.jpg,lion_10467.jpg,lion_10254.jpg,lion_10381.jpg,lion_10991.jpg,lion_10441.jpg,lion_10227.jpg,lion_10289.jpg,lion_10614.jpg,lion_10776.jpg,lion_10687.jpg,lion_11011.jpg,lion_10136.jpg
blue+whale,blue+whale_10094.jpg,blue+whale_10098.jpg,blue+whale_10161.jpg,blue+whale_10047.jpg,blue+whale_10012.jpg,blue+whale_10122.jpg,blue+whale_10002.jpg,blue+whale_10074.jpg,blue+whale_10045.jpg,blue+whale_10156.jpg,blue+whale_10144.jpg,blue+whale_10170.jpg,blue+whale_10155.jpg,blue+whale_10172.jpg,blue+whale_10029.jpg,blue+whale_10051.jpg,blue+whale_10046.jpg,blue+whale_10033.jpg,blue+whale_10109.jpg,blue+whale_10091.jpg,blue+whale_10083.jpg,blue+whale_10133.jpg,blue+whale_10120.jpg,blue+whale_10114.jpg,blue+whale_10059.jpg,blue+whale_10105.jpg,blue+whale_10017.jpg,blue+whale_10141.jpg,blue+whale_10031.jpg,blue+whale_10061.jpg,blue+whale_10042.jpg,blue+whale_10147.jpg,blue+whale_10022.jpg,blue+whale_10086.jpg,blue+whale_10016.jpg,blue+whale_10124.jpg,blue+whale_10108.jpg,blue+whale_10126.jpg,blue+whale_10119.jpg,blue+whale_10048.jpg
dalmatian,dalmatian_10502.jpg,dalmatian_10166.jpg,dalmatian_10085.jpg,dalmatian_10528.jpg,dalmatian_10002.jpg,dalmatian_10169.jpg,dalmatian_10498.jpg,dalmatian_10371.jpg,dalmatian_10287.jpg,dalmatian_10176.jpg,dalmatian_10023.jpg,dalmatian_10535.jpg,dalmatian_10534.jpg,dalmatian_10447.jpg,dalmatian_10423.jpg,dalmatian_10299.jpg,dalmatian_10306.jpg,dalmatian_10543.jpg,dalmatian_10357.jpg,dalmatian_10116.jpg,dalmatian_10234.jpg,dalmatian_10333.jpg,dalmatian_10432.jpg,dalmatian_10233.jpg,dalmatian_10148.jpg,dalmatian_10364.jpg,dalmatian_10518.jpg,dalmatian_10203.jpg,dalmatian_10235.jpg,dalmatian_10538.jpg,dalmatian_10365.jpg,dalmatian_10103.jpg,dalmatian_10505.jpg,dalmatian_10146.jpg,dalmatian_10238.jpg,dalmatian_10325.jpg,dalmatian_10141.jpg,dalmatian_10503.jpg,dalmatian_10143.jpg,dalmatian_10304.jpg
fox,fox_10312.jpg,fox_10213.jpg,fox_10645.jpg,fox_10104.jpg,fox_10260.jpg,fox_10166.jpg,fox_10142.jpg,fox_10589.jpg,fox_10532.jpg,fox_10221.jpg,fox_10373.jpg,fox_10601.jpg,fox_10609.jpg,fox_10095.jpg,fox_10594.jpg,fox_10102.jpg,fox_10211.jpg,fox_10368.jpg,fox_10531.jpg,fox_10574.jpg,fox_10638.jpg,fox_10204.jpg,fox_10578.jpg,fox_10140.jpg,fox_10584.jpg,fox_10234.jpg,fox_10632.jpg,fox_10054.jpg,fox_10518.jpg,fox_10381.jpg,fox_10359.jpg,fox_10331.jpg,fox_10590.jpg,fox_10465.jpg,fox_10575.jpg,fox_10637.jpg,fox_10269.jpg,fox_10643.jpg,fox_10265.jpg,fox_10253.jpg
sheep,sheep_10215.jpg,sheep_10479.jpg,sheep_10507.jpg,sheep_10196.jpg,sheep_10192.jpg,sheep_11190.jpg,sheep_10317.jpg,sheep_10362.jpg,sheep_11016.jpg,sheep_10185.jpg,sheep_10440.jpg,sheep_11189.jpg,sheep_10297.jpg,sheep_10182.jpg,sheep_10879.jpg,sheep_10217.jpg,sheep_10497.jpg,sheep_10584.jpg,sheep_10979.jpg,sheep_10907.jpg,sheep_10142.jpg,sheep_10379.jpg,sheep_10170.jpg,sheep_10531.jpg,sheep_10786.jpg,sheep_11167.jpg,sheep_10965.jpg,sheep_11313.jpg,sheep_10243.jpg,sheep_10763.jpg,sheep_10177.jpg,sheep_11187.jpg,sheep_10816.jpg,sheep_10469.jpg,sheep_10029.jpg,sheep_10328.jpg,sheep_10327.jpg,sheep_10253.jpg,sheep_11291.jpg,sheep_10624.jpg
collie,collie_10518.jpg,collie_10993.jpg,collie_10819.jpg,collie_10420.jpg,collie_10291.jpg,collie_10171.jpg,collie_10282.jpg,collie_10531.jpg,collie_10837.jpg,collie_10227.jpg,collie_10094.jpg,collie_10158.jpg,collie_10553.jpg,collie_10775.jpg,collie_10244.jpg,collie_10756.jpg,collie_10581.jpg,collie_10149.jpg,collie_10663.jpg,collie_10523.jpg,collie_10427.jpg,collie_10460.jpg,collie_10845.jpg,collie_10484.jpg,collie_10978.jpg,collie_10229.jpg,collie_10612.jpg,collie_10337.jpg,collie_10449.jpg,collie_10692.jpg,collie_10546.jpg,collie_10508.jpg,collie_10159.jpg,collie_10719.jpg,collie_10301.jpg,collie_10835.jpg,collie_10415.jpg,collie_10673.jpg,collie_10306.jpg,collie_10777.jpg
rhinoceros,rhinoceros_10208.jpg,rhinoceros_10663.jpg,rhinoceros_10516.jpg,rhinoceros_10673.jpg,rhinoceros_10135.jpg,rhinoceros_10126.jpg,rhinoceros_10094.jpg,rhinoceros_10290.jpg,rhinoceros_10412.jpg,rhinoceros_10490.jpg,rhinoceros_10345.jpg,rhinoceros_10416.jpg,rhinoceros_10592.jpg,rhinoceros_10508.jpg,rhinoceros_10072.jpg,rhinoceros_10580.jpg,rhinoceros_10643.jpg,rhinoceros_10381.jpg,rhinoceros_10341.jpg,rhinoceros_10310.jpg,rhinoceros_10468.jpg,rhinoceros_10539.jpg,rhinoceros_10484.jpg,rhinoceros_10400.jpg,rhinoceros_10043.jpg,rhinoceros_10009.jpg,rhinoceros_10383.jpg,rhinoceros_10482.jpg,rhinoceros_10581.jpg,rhinoceros_10257.jpg,rhinoceros_10464.jpg,rhinoceros_10277.jpg,rhinoceros_10022.jpg,rhinoceros_10340.jpg,rhinoceros_10059.jpg,rhinoceros_10152.jpg,rhinoceros_10132.jpg,rhinoceros_10320.jpg,rhinoceros_10593.jpg,rhinoceros_10363.jpg
gorilla,gorilla_10598.jpg,gorilla_10471.jpg,gorilla_10554.jpg,gorilla_10113.jpg,gorilla_10670.jpg,gorilla_10492.jpg,gorilla_10846.jpg,gorilla_10862.jpg,gorilla_10748.jpg,gorilla_10725.jpg,gorilla_10080.jpg,gorilla_10357.jpg,gorilla_10867.jpg,gorilla_10221.jpg,gorilla_10559.jpg,gorilla_10754.jpg,gorilla_10682.jpg,gorilla_10179.jpg,gorilla_10140.jpg,gorilla_10329.jpg,gorilla_10006.jpg,gorilla_10623.jpg,gorilla_10709.jpg,gorilla_10073.jpg,gorilla_10503.jpg,gorilla_10729.jpg,gorilla_10016.jpg,gorilla_10764.jpg,gorilla_10280.jpg,gorilla_10522.jpg,gorilla_10740.jpg,gorilla_10636.jpg,gorilla_10470.jpg,gorilla_10111.jpg,gorilla_10303.jpg,gorilla_10432.jpg,gorilla_10104.jpg,gorilla_10463.jpg,gorilla_10222.jpg,gorilla_10345.jpg
raccoon,raccoon_10361.jpg,raccoon_10225.jpg,raccoon_10348.jpg,raccoon_10325.jpg,raccoon_10188.jpg,raccoon_10434.jpg,raccoon_10268.jpg,raccoon_10410.jpg,raccoon_10417.jpg,raccoon_10287.jpg,raccoon_10012.jpg,raccoon_10380.jpg,raccoon_10341.jpg,raccoon_10198.jpg,raccoon_10098.jpg,raccoon_10086.jpg,raccoon_10189.jpg,raccoon_10416.jpg,raccoon_10296.jpg,raccoon_10171.jpg,raccoon_10119.jpg,raccoon_10246.jpg,raccoon_10132.jpg,raccoon_10239.jpg,raccoon_10398.jpg,raccoon_10343.jpg,raccoon_10210.jpg,raccoon_10039.jpg,raccoon_10262.jpg,raccoon_10457.jpg,raccoon_10060.jpg,raccoon_10101.jpg,raccoon_10505.jpg,raccoon_10315.jpg,raccoon_10401.jpg,raccoon_10255.jpg,raccoon_10414.jpg,raccoon_10321.jpg,raccoon_10216.jpg,raccoon_10408.jpg
pig,pig_10707.jpg,pig_10569.jpg,pig_10117.jpg,pig_10661.jpg,pig_10074.jpg,pig_10440.jpg,pig_10024.jpg,pig_10442.jpg,pig_10038.jpg,pig_10651.jpg,pig_10322.jpg,pig_10393.jpg,pig_10458.jpg,pig_10224.jpg,pig_10057.jpg,pig_10055.jpg,pig_10441.jpg,pig_10430.jpg,pig_10682.jpg,pig_10535.jpg,pig_10648.jpg,pig_10534.jpg,pig_10233.jpg,pig_10637.jpg,pig_10021.jpg,pig_10139.jpg,pig_10574.jpg,pig_10120.jpg,pig_10341.jpg,pig_10293.jpg,pig_10008.jpg,pig_10402.jpg,pig_10642.jpg,pig_10629.jpg,pig_10529.jpg,pig_10253.jpg,pig_10598.jpg,pig_10698.jpg,pig_10285.jpg,pig_10125.jpg
tiger,tiger_10577.jpg,tiger_10739.jpg,tiger_10454.jpg,tiger_10418.jpg,tiger_10537.jpg,tiger_10597.jpg,tiger_10504.jpg,tiger_10644.jpg,tiger_10111.jpg,tiger_10052.jpg,tiger_10479.jpg,tiger_10017.jpg,tiger_10224.jpg,tiger_10466.jpg,tiger_10501.jpg,tiger_10617.jpg,tiger_10650.jpg,tiger_10219.jpg,tiger_10516.jpg,tiger_10208.jpg,tiger_10149.jpg,tiger_10639.jpg,tiger_10345.jpg,tiger_10467.jpg,tiger_10043.jpg,tiger_10254.jpg,tiger_10586.jpg,tiger_10877.jpg,tiger_10395.jpg,tiger_10457.jpg,tiger_10686.jpg,tiger_10257.jpg,tiger_10562.jpg,tiger_10823.jpg,tiger_10808.jpg,tiger_10821.jpg,tiger_10600.jpg,tiger_10800.jpg,tiger_10588.jpg,tiger_10506.jpg
wolf,wolf_10484.jpg,wolf_10371.jpg,wolf_10304.jpg,wolf_10253.jpg,wolf_10401.jpg,wolf_10389.jpg,wolf_10168.jpg,wolf_10049.jpg,wolf_10303.jpg,wolf_10102.jpg,wolf_10022.jpg,wolf_10116.jpg,wolf_10543.jpg,wolf_10079.jpg,wolf_10544.jpg,wolf_10397.jpg,wolf_10225.jpg,wolf_10072.jpg,wolf_10339.jpg,wolf_10465.jpg,wolf_10077.jpg,wolf_10386.jpg,wolf_10119.jpg,wolf_10311.jpg,wolf_10004.jpg,wolf_10017.jpg,wolf_10493.jpg,wolf_10571.jpg,wolf_10398.jpg,wolf_10273.jpg,wolf_10437.jpg,wolf_10179.jpg,wolf_10358.jpg,wolf_10031.jpg,wolf_10167.jpg,wolf_10083.jpg,wolf_10139.jpg,wolf_10313.jpg,wolf_10130.jpg,wolf_10042.jpg
cow,cow_10600.jpg,cow_10974.jpg,cow_11000.jpg,cow_10655.jpg,cow_10466.jpg,cow_10568.jpg,cow_10351.jpg,cow_10753.jpg,cow_10220.jpg,cow_10151.jpg,cow_11090.jpg,cow_10047.jpg,cow_10488.jpg,cow_11094.jpg,cow_10571.jpg,cow_10224.jpg,cow_10554.jpg,cow_10532.jpg,cow_10292.jpg,cow_11139.jpg,cow_10894.jpg,cow_10472.jpg,cow_10621.jpg,cow_10622.jpg,cow_10833.jpg,cow_10764.jpg,cow_10565.jpg,cow_10247.jpg,cow_10576.jpg,cow_10214.jpg,cow_10360.jpg,cow_10296.jpg,cow_11040.jpg,cow_11291.jpg,cow_10709.jpg,cow_10864.jpg,cow_11033.jpg,cow_10546.jpg,cow_11051.jpg,cow_11149.jpg
elephant,elephant_10629.jpg,elephant_10849.jpg,elephant_10749.jpg,elephant_10688.jpg,elephant_10332.jpg,elephant_10907.jpg,elephant_10944.jpg,elephant_10079.jpg,elephant_10822.jpg,elephant_11035.jpg,elephant_10056.jpg,elephant_10844.jpg,elephant_11013.jpg,elephant_10240.jpg,elephant_10371.jpg,elephant_10278.jpg,elephant_10506.jpg,elephant_10922.jpg,elephant_10313.jpg,elephant_10599.jpg,elephant_10946.jpg,elephant_10130.jpg,elephant_11012.jpg,elephant_10951.jpg,elephant_10329.jpg,elephant_10893.jpg,elephant_10323.jpg,elephant_10703.jpg,elephant_10619.jpg,elephant_10096.jpg,elephant_10430.jpg,elephant_10680.jpg,elephant_10795.jpg,elephant_10188.jpg,elephant_10733.jpg,elephant_10066.jpg,elephant_10512.jpg,elephant_10559.jpg,elephant_10666.jpg,elephant_10628.jpg
mole,mole_10017.jpg,mole_10006.jpg,mole_10060.jpg,mole_10100.jpg,mole_10040.jpg,mole_10072.jpg,mole_10094.jpg,mole_10039.jpg,mole_10016.jpg,mole_10034.jpg,mole_10058.jpg,mole_10065.jpg,mole_10081.jpg,mole_10031.jpg,mole_10001.jpg,mole_10013.jpg,mole_10025.jpg,mole_10018.jpg,mole_10084.jpg,mole_10033.jpg,mole_10022.jpg,mole_10046.jpg,mole_10020.jpg,mole_10082.jpg,mole_10098.jpg,mole_10080.jpg,mole_10074.jpg,mole_10066.jpg,mole_10005.jpg,mole_10002.jpg,mole_10011.jpg,mole_10043.jpg,mole_10092.jpg,mole_10064.jpg,mole_10076.jpg,mole_10008.jpg,mole_10038.jpg,mole_10075.jpg,mole_10027.jpg,mole_10091.jpg
seal,seal_10798.jpg,seal_10427.jpg,seal_10859.jpg,seal_10201.jpg,seal_10420.jpg,seal_10046.jpg,seal_10660.jpg,seal_10349.jpg,seal_10522.jpg,seal_10893.jpg,seal_10545.jpg,seal_10594.jpg,seal_10788.jpg,seal_10244.jpg,seal_10251.jpg,seal_10580.jpg,seal_10281.jpg,seal_10607.jpg,seal_10192.jpg,seal_10134.jpg,seal_10826.jpg,seal_10191.jpg,seal_10460.jpg,seal_10187.jpg,seal_10484.jpg,seal_10241.jpg,seal_10165.jpg,seal_10237.jpg,seal_10373.jpg,seal_10144.jpg,seal_10367.jpg,seal_10306.jpg,seal_10924.jpg,seal_10908.jpg,seal_10250.jpg,seal_10022.jpg,seal_10200.jpg,seal_10279.jpg,seal_10287.jpg,seal_10350.jpg
rat,rat_10187.jpg,rat_10003.jpg,rat_10230.jpg,rat_10257.jpg,rat_10240.jpg,rat_10214.jpg,rat_10308.jpg,rat_10193.jpg,rat_10286.jpg,rat_10200.jpg,rat_10217.jpg,rat_10205.jpg,rat_10052.jpg,rat_10220.jpg,rat_10065.jpg,rat_10091.jpg,rat_10045.jpg,rat_10203.jpg,rat_10247.jpg,rat_10221.jpg,rat_10306.jpg,rat_10284.jpg,rat_10001.jpg,rat_10271.jpg,rat_10235.jpg,rat_10062.jpg,rat_10228.jpg,rat_10041.jpg,rat_10153.jpg,rat_10080.jpg,rat_10172.jpg,rat_10136.jpg,rat_10252.jpg,rat_10160.jpg,rat_10077.jpg,rat_10115.jpg,rat_10021.jpg,rat_10005.jpg,rat_10301.jpg,rat_10255.jpg
deer,deer_10516.jpg,deer_10571.jpg,deer_11016.jpg,deer_10188.jpg,deer_10179.jpg,deer_10935.jpg,deer_10915.jpg,deer_11267.jpg,deer_10243.jpg,deer_10184.jpg,deer_10219.jpg,deer_10918.jpg,deer_10181.jpg,deer_10062.jpg,deer_10578.jpg,deer_10916.jpg,deer_10662.jpg,deer_10637.jpg,deer_10839.jpg,deer_10773.jpg,deer_10159.jpg,deer_11204.jpg,deer_10457.jpg,deer_10034.jpg,deer_10967.jpg,deer_10632.jpg,deer_10021.jpg,deer_11079.jpg,deer_10799.jpg,deer_11292.jpg,deer_10996.jpg,deer_10326.jpg,deer_10330.jpg,deer_10816.jpg,deer_10951.jpg,deer_10754.jpg,deer_10332.jpg,deer_11100.jpg,deer_10948.jpg,deer_11135.jpg
weasel,weasel_10197.jpg,weasel_10136.jpg,weasel_10142.jpg,weasel_10119.jpg,weasel_10179.jpg,weasel_10027.jpg,weasel_10038.jpg,weasel_10052.jpg,weasel_10207.jpg,weasel_10243.jpg,weasel_10076.jpg,weasel_10054.jpg,weasel_10162.jpg,weasel_10108.jpg,weasel_10046.jpg,weasel_10175.jpg,weasel_10047.jpg,weasel_10065.jpg,weasel_10081.jpg,weasel_10056.jpg,weasel_10198.jpg,weasel_10183.jpg,weasel_10082.jpg,weasel_10018.jpg,weasel_10120.jpg,weasel_10261.jpg,weasel_10064.jpg,weasel_10216.jpg,weasel_10165.jpg,weasel_10139.jpg,weasel_10077.jpg,weasel_10114.jpg,weasel_10148.jpg,weasel_10222.jpg,weasel_10146.jpg,weasel_10267.jpg,weasel_10117.jpg,weasel_10022.jpg,weasel_10177.jpg,weasel_10100.jpg
moose,moose_10673.jpg,moose_10420.jpg,moose_10390.jpg,moose_10483.jpg,moose_10268.jpg,moose_10120.jpg,moose_10432.jpg,moose_10490.jpg,moose_10480.jpg,moose_10689.jpg,moose_10649.jpg,moose_10057.jpg,moose_10652.jpg,moose_10342.jpg,moose_10148.jpg,moose_10478.jpg,moose_10367.jpg,moose_10341.jpg,moose_10214.jpg,moose_10385.jpg,moose_10377.jpg,moose_10279.jpg,moose_10043.jpg,moose_10299.jpg,moose_10290.jpg,moose_10283.jpg,moose_10192.jpg,moose_10459.jpg,moose_10294.jpg,moose_10588.jpg,moose_10298.jpg,moose_10109.jpg,moose_10258.jpg,moose_10654.jpg,moose_10193.jpg,moose_10430.jpg,moose_10469.jpg,moose_10117.jpg,moose_10274.jpg,moose_10517.jpg
humpback+whale,humpback+whale_10021.jpg,humpback+whale_10567.jpg,humpback+whale_10467.jpg,humpback+whale_10581.jpg,humpback+whale_10320.jpg,humpback+whale_10495.jpg,humpback+whale_10386.jpg,humpback+whale_10289.jpg,humpback+whale_10630.jpg,humpback+whale_10024.jpg,humpback+whale_10174.jpg,humpback+whale_10572.jpg,humpback+whale_10027.jpg,humpback+whale_10145.jpg,humpback+whale_10114.jpg,humpback+whale_10436.jpg,humpback+whale_10497.jpg,humpback+whale_10517.jpg,humpback+whale_10475.jpg,humpback+whale_10650.jpg,humpback+whale_10046.jpg,humpback+whale_10296.jpg,humpback+whale_10539.jpg,humpback+whale_10272.jpg,humpback+whale_10038.jpg,humpback+whale_10299.jpg,humpback+whale_10349.jpg,humpback+whale_10314.jpg,humpback+whale_10464.jpg,humpback+whale_10705.jpg,humpback+whale_10494.jpg,humpback+whale_10666.jpg,humpback+whale_10446.jpg,humpback+whale_10240.jpg,humpback+whale_10001.jpg,humpback+whale_10109.jpg,humpback+whale_10439.jpg,humpback+whale_10596.jpg,humpback+whale_10582.jpg,humpback+whale_10486.jpg
squirrel,squirrel_10122.jpg,squirrel_10085.jpg,squirrel_10523.jpg,squirrel_10648.jpg,squirrel_10584.jpg,squirrel_11024.jpg,squirrel_11191.jpg,squirrel_10367.jpg,squirrel_10034.jpg,squirrel_10129.jpg,squirrel_10689.jpg,squirrel_10516.jpg,squirrel_10385.jpg,squirrel_11130.jpg,squirrel_10571.jpg,squirrel_10602.jpg,squirrel_10852.jpg,squirrel_10269.jpg,squirrel_11167.jpg,squirrel_10863.jpg,squirrel_10916.jpg,squirrel_10713.jpg,squirrel_10501.jpg,squirrel_10023.jpg,squirrel_10771.jpg,squirrel_11126.jpg,squirrel_10899.jpg,squirrel_10873.jpg,squirrel_10652.jpg,squirrel_10376.jpg,squirrel_10428.jpg,squirrel_10163.jpg,squirrel_10146.jpg,squirrel_10822.jpg,squirrel_10261.jpg,squirrel_10320.jpg,squirrel_10708.jpg,squirrel_10304.jpg,squirrel_10384.jpg,squirrel_10074.jpg
giraffe,giraffe_10777.jpg,giraffe_10336.jpg,giraffe_11159.jpg,giraffe_10663.jpg,giraffe_10313.jpg,giraffe_10193.jpg,giraffe_10414.jpg,giraffe_10183.jpg,giraffe_11188.jpg,giraffe_10697.jpg,giraffe_10716.jpg,giraffe_11187.jpg,giraffe_11024.jpg,giraffe_10482.jpg,giraffe_10506.jpg,giraffe_10351.jpg,giraffe_10921.jpg,giraffe_10688.jpg,giraffe_10016.jpg,giraffe_10524.jpg,giraffe_10567.jpg,giraffe_10618.jpg,giraffe_10105.jpg,giraffe_10840.jpg,giraffe_10407.jpg,giraffe_10484.jpg,giraffe_10317.jpg,giraffe_10021.jpg,giraffe_10549.jpg,giraffe_10667.jpg,giraffe_10004.jpg,giraffe_10285.jpg,giraffe_10504.jpg,giraffe_11202.jpg,giraffe_10986.jpg,giraffe_10747.jpg,giraffe_10521.jpg,giraffe_10606.jpg,giraffe_10369.jpg,giraffe_10121.jpg
grizzly+bear,grizzly+bear_10775.jpg,grizzly+bear_10176.jpg,grizzly+bear_10573.jpg,grizzly+bear_10374.jpg,grizzly+bear_10669.jpg,grizzly+bear_10081.jpg,grizzly+bear_10298.jpg,grizzly+bear_10641.jpg,grizzly+bear_10580.jpg,grizzly+bear_10512.jpg,grizzly+bear_10403.jpg,grizzly+bear_10180.jpg,grizzly+bear_10592.jpg,grizzly+bear_10471.jpg,grizzly+bear_10602.jpg,grizzly+bear_10268.jpg,grizzly+bear_10271.jpg,grizzly+bear_10408.jpg,grizzly+bear_10383.jpg,grizzly+bear_10376.jpg,grizzly+bear_10121.jpg,grizzly+bear_10494.jpg,grizzly+bear_10532.jpg,grizzly+bear_10130.jpg,grizzly+bear_10070.jpg,grizzly+bear_10311.jpg,grizzly+bear_10697.jpg,grizzly+bear_10396.jpg,grizzly+bear_10024.jpg,grizzly+bear_10680.jpg,grizzly+bear_10023.jpg,grizzly+bear_10560.jpg,grizzly+bear_10249.jpg,grizzly+bear_10795.jpg,grizzly+bear_10231.jpg,grizzly+bear_10463.jpg,grizzly+bear_10541.jpg,grizzly+bear_10804.jpg,grizzly+bear_10109.jpg,grizzly+bear_10786.jpg
horse,horse_11090.jpg,horse_10800.jpg,horse_10496.jpg,horse_11456.jpg,horse_10322.jpg,horse_10305.jpg,horse_11206.jpg,horse_10905.jpg,horse_10377.jpg,horse_10237.jpg,horse_11618.jpg,horse_10671.jpg,horse_10363.jpg,horse_11542.jpg,horse_11359.jpg,horse_10168.jpg,horse_11427.jpg,horse_10161.jpg,horse_11300.jpg,horse_11420.jpg,horse_10530.jpg,horse_10445.jpg,horse_11433.jpg,horse_10769.jpg,horse_10029.jpg,horse_10486.jpg,horse_10416.jpg,horse_11288.jpg,horse_11380.jpg,horse_11107.jpg,horse_11446.jpg,horse_11378.jpg,horse_11330.jpg,horse_11110.jpg,horse_10903.jpg,horse_10095.jpg,horse_11551.jpg,horse_11331.jpg,horse_11251.jpg,horse_10294.jpg
walrus,walrus_10093.jpg,walrus_10067.jpg,walrus_10018.jpg,walrus_10087.jpg,walrus_10169.jpg,walrus_10088.jpg,walrus_10141.jpg,walrus_10006.jpg,walrus_10020.jpg,walrus_10017.jpg,walrus_10083.jpg,walrus_10014.jpg,walrus_10199.jpg,walrus_10113.jpg,walrus_10115.jpg,walrus_10188.jpg,walrus_10193.jpg,walrus_10139.jpg,walrus_10046.jpg,walrus_10069.jpg,walrus_10028.jpg,walrus_10048.jpg,walrus_10004.jpg,walrus_10112.jpg,walrus_10085.jpg,walrus_10034.jpg,walrus_10185.jpg,walrus_10055.jpg,walrus_10091.jpg,walrus_10210.jpg,walrus_10205.jpg,walrus_10170.jpg,walrus_10107.jpg,walrus_10065.jpg,walrus_10002.jpg,walrus_10110.jpg,walrus_10026.jpg,walrus_10001.jpg,walrus_10084.jpg,walrus_10166.jpg
siamese+cat,siamese+cat_10235.jpg,siamese+cat_10477.jpg,siamese+cat_10328.jpg,siamese+cat_10226.jpg,siamese+cat_10446.jpg,siamese+cat_10115.jpg,siamese+cat_10267.jpg,siamese+cat_10047.jpg,siamese+cat_10425.jpg,siamese+cat_10284.jpg,siamese+cat_10199.jpg,siamese+cat_10394.jpg,siamese+cat_10331.jpg,siamese+cat_10304.jpg,siamese+cat_10319.jpg,siamese+cat_10218.jpg,siamese+cat_10078.jpg,siamese+cat_10399.jpg,siamese+cat_10364.jpg,siamese+cat_10274.jpg,siamese+cat_10423.jpg,siamese+cat_10354.jpg,siamese+cat_10362.jpg,siamese+cat_10439.jpg,siamese+cat_10436.jpg,siamese+cat_10126.jpg,siamese+cat_10401.jpg,siamese+cat_10373.jpg,siamese+cat_10288.jpg,siamese+cat_10339.jpg,siamese+cat_10405.jpg,siamese+cat_10005.jpg,siamese+cat_10406.jpg,siamese+cat_10444.jpg,siamese+cat_10193.jpg,siamese+cat_10144.jpg,siamese+cat_10123.jpg,siamese+cat_10114.jpg,siamese+cat_10128.jpg,siamese+cat_10156.jpg
spider+monkey,spider+monkey_10019.jpg,spider+monkey_10204.jpg,spider+monkey_10291.jpg,spider+monkey_10064.jpg,spider+monkey_10023.jpg,spider+monkey_10127.jpg,spider+monkey_10224.jpg,spider+monkey_10217.jpg,spider+monkey_10042.jpg,spider+monkey_10052.jpg,spider+monkey_10163.jpg,spider+monkey_10084.jpg,spider+monkey_10003.jpg,spider+monkey_10109.jpg,spider+monkey_10287.jpg,spider+monkey_10248.jpg,spider+monkey_10154.jpg,spider+monkey_10158.jpg,spider+monkey_10071.jpg,spider+monkey_10124.jpg,spider+monkey_10141.jpg,spider+monkey_10272.jpg,spider+monkey_10097.jpg,spider+monkey_10177.jpg,spider+monkey_10191.jpg,spider+monkey_10241.jpg,spider+monkey_10038.jpg,spider+monkey_10193.jpg,spider+monkey_10089.jpg,spider+monkey_10050.jpg,spider+monkey_10220.jpg,spider+monkey_10243.jpg,spider+monkey_10088.jpg,spider+monkey_10147.jpg,spider+monkey_10268.jpg,spider+monkey_10261.jpg,spider+monkey_10031.jpg,spider+monkey_10290.jpg,spider+monkey_10282.jpg,spider+monkey_10175.jpg
bobcat,bobcat_10400.jpg,bobcat_10129.jpg,bobcat_10038.jpg,bobcat_10231.jpg,bobcat_10252.jpg,bobcat_10051.jpg,bobcat_10191.jpg,bobcat_10615.jpg,bobcat_10596.jpg,bobcat_10184.jpg,bobcat_10601.jpg,bobcat_10275.jpg,bobcat_10578.jpg,bobcat_10591.jpg,bobcat_10005.jpg,bobcat_10060.jpg,bobcat_10595.jpg,bobcat_10156.jpg,bobcat_10389.jpg,bobcat_10124.jpg,bobcat_10341.jpg,bobcat_10436.jpg,bobcat_10157.jpg,bobcat_10616.jpg,bobcat_10188.jpg,bobcat_10266.jpg,bobcat_10019.jpg,bobcat_10033.jpg,bobcat_10220.jpg,bobcat_10233.jpg,bobcat_10417.jpg,bobcat_10090.jpg,bobcat_10278.jpg,bobcat_10498.jpg,bobcat_10395.jpg,bobcat_10441.jpg,bobcat_10326.jpg,bobcat_10010.jpg,bobcat_10606.jpg,bobcat_10261.jpg
german+shepherd,german+shepherd_10909.jpg,german+shepherd_10794.jpg,german+shepherd_10802.jpg,german+shepherd_10411.jpg,german+shepherd_10304.jpg,german+shepherd_10731.jpg,german+shepherd_10115.jpg,german+shepherd_10623.jpg,german+shepherd_10931.jpg,german+shepherd_10011.jpg,german+shepherd_10589.jpg,german+shepherd_10166.jpg,german+shepherd_10133.jpg,german+shepherd_10694.jpg,german+shepherd_10720.jpg,german+shepherd_10995.jpg,german+shepherd_10813.jpg,german+shepherd_10837.jpg,german+shepherd_10428.jpg,german+shepherd_10100.jpg,german+shepherd_10231.jpg,german+shepherd_10808.jpg,german+shepherd_10911.jpg,german+shepherd_10374.jpg,german+shepherd_10847.jpg,german+shepherd_10697.jpg,german+shepherd_10209.jpg,german+shepherd_10669.jpg,german+shepherd_10239.jpg,german+shepherd_11028.jpg,german+shepherd_10226.jpg,german+shepherd_10849.jpg,german+shepherd_10073.jpg,german+shepherd_10952.jpg,german+shepherd_10351.jpg,german+shepherd_10486.jpg,german+shepherd_10053.jpg,german+shepherd_10642.jpg,german+shepherd_10652.jpg,german+shepherd_10425.jpg
leopard,leopard_10503.jpg,leopard_10045.jpg,leopard_10609.jpg,leopard_10360.jpg,leopard_10363.jpg,leopard_10565.jpg,leopard_10019.jpg,leopard_10381.jpg,leopard_10638.jpg,leopard_10668.jpg,leopard_10359.jpg,leopard_10004.jpg,leopard_10684.jpg,leopard_10419.jpg,leopard_10210.jpg,leopard_10165.jpg,leopard_10320.jpg,leopard_10710.jpg,leopard_10614.jpg,leopard_10029.jpg,leopard_10643.jpg,leopard_10224.jpg,leopard_10418.jpg,leopard_10582.jpg,leopard_10247.jpg,leopard_10344.jpg,leopard_10396.jpg,leopard_10163.jpg,leopard_10125.jpg,leopard_10200.jpg,leopard_10628.jpg,leopard_10671.jpg,leopard_10062.jpg,leopard_10227.jpg,leopard_10511.jpg,leopard_10238.jpg,leopard_10071.jpg,leopard_10158.jpg,leopard_10596.jpg,leopard_10527.jpg
antelope,antelope_10393.jpg,antelope_10508.jpg,antelope_10911.jpg,antelope_10599.jpg,antelope_10271.jpg,antelope_10969.jpg,antelope_10490.jpg,antelope_10517.jpg,antelope_10210.jpg,antelope_10919.jpg,antelope_10189.jpg,antelope_10089.jpg,antelope_10255.jpg,antelope_11012.jpg,antelope_10781.jpg,antelope_10880.jpg,antelope_10236.jpg,antelope_10673.jpg,antelope_10834.jpg,antelope_10209.jpg,antelope_10562.jpg,antelope_10159.jpg,antelope_10444.jpg,antelope_10253.jpg,antelope_10901.jpg,antelope_10763.jpg,antelope_10594.jpg,antelope_10018.jpg,antelope_10579.jpg,antelope_10308.jpg,antelope_10847.jpg,antelope_10294.jpg,antelope_10500.jpg,antelope_10976.jpg,antelope_10783.jpg,antelope_10582.jpg,antelope_10697.jpg,antelope_10578.jpg,antelope_10856.jpg,antelope_10627.jpg
hippopotamus,hippopotamus_10269.jpg,hippopotamus_10254.jpg,hippopotamus_10654.jpg,hippopotamus_10185.jpg,hippopotamus_10521.jpg,hippopotamus_10266.jpg,hippopotamus_10679.jpg,hippopotamus_10515.jpg,hippopotamus_10365.jpg,hippopotamus_10226.jpg,hippopotamus_10312.jpg,hippopotamus_10352.jpg,hippopotamus_10364.jpg,hippopotamus_10639.jpg,hippopotamus_10602.jpg,hippopotamus_10435.jpg,hippopotamus_10642.jpg,hippopotamus_10340.jpg,hippopotamus_10320.jpg,hippopotamus_10323.jpg,hippopotamus_10305.jpg,hippopotamus_10658.jpg,hippopotamus_10007.jpg,hippopotamus_10565.jpg,hippopotamus_10611.jpg,hippopotamus_10369.jpg,hippopotamus_10534.jpg,hippopotamus_10420.jpg,hippopotamus_10516.jpg,hippopotamus_10016.jpg,hippopotamus_10479.jpg,hippopotamus_10523.jpg,hippopotamus_10341.jpg,hippopotamus_10075.jpg,hippopotamus_10179.jpg,hippopotamus_10638.jpg,hippopotamus_10403.jpg,hippopotamus_10023.jpg,hippopotamus_10425.jpg,hippopotamus_10287.jpg
otter,otter_10503.jpg,otter_10570.jpg,otter_10060.jpg,otter_10295.jpg,otter_10066.jpg,otter_10132.jpg,otter_10417.jpg,otter_10631.jpg,otter_10064.jpg,otter_10302.jpg,otter_10731.jpg,otter_10093.jpg,otter_10180.jpg,otter_10641.jpg,otter_10315.jpg,otter_10297.jpg,otter_10582.jpg,otter_10737.jpg,otter_10693.jpg,otter_10016.jpg,otter_10689.jpg,otter_10278.jpg,otter_10232.jpg,otter_10197.jpg,otter_10608.jpg,otter_10445.jpg,otter_10534.jpg,otter_10063.jpg,otter_10319.jpg,otter_10089.jpg,otter_10427.jpg,otter_10702.jpg,otter_10161.jpg,otter_10408.jpg,otter_10754.jpg,otter_10699.jpg,otter_10154.jpg,otter_10678.jpg,otter_10472.jpg,otter_10053.jpg
persian+cat,persian+cat_10060.jpg,persian+cat_10170.jpg,persian+cat_10601.jpg,persian+cat_10351.jpg,persian+cat_10154.jpg,persian+cat_10301.jpg,persian+cat_10228.jpg,persian+cat_10566.jpg,persian+cat_10002.jpg,persian+cat_10115.jpg,persian+cat_10720.jpg,persian+cat_10317.jpg,persian+cat_10026.jpg,persian+cat_10379.jpg,persian+cat_10449.jpg,persian+cat_10003.jpg,persian+cat_10342.jpg,persian+cat_10607.jpg,persian+cat_10306.jpg,persian+cat_10057.jpg,persian+cat_10429.jpg,persian+cat_10131.jpg,persian+cat_10056.jpg,persian+cat_10013.jpg,persian+cat_10445.jpg,persian+cat_10365.jpg,persian+cat_10150.jpg,persian+cat_10005.jpg,persian+cat_10632.jpg,persian+cat_10371.jpg,persian+cat_10177.jpg,persian+cat_10475.jpg,persian+cat_10574.jpg,persian+cat_10218.jpg,persian+cat_10158.jpg,persian+cat_10738.jpg,persian+cat_10042.jpg,persian+cat_10213.jpg,persian+cat_10387.jpg,persian+cat_10305.jpg
giant+panda,giant+panda_10272.jpg,giant+panda_10659.jpg,giant+panda_10691.jpg,giant+panda_10846.jpg,giant+panda_10290.jpg,giant+panda_10340.jpg,giant+panda_10681.jpg,giant+panda_10325.jpg,giant+panda_10546.jpg,giant+panda_10203.jpg,giant+panda_10739.jpg,giant+panda_10836.jpg,giant+panda_10230.jpg,giant+panda_10127.jpg,giant+panda_10206.jpg,giant+panda_10150.jpg,giant+panda_10167.jpg,giant+panda_10047.jpg,giant+panda_10686.jpg,giant+panda_10611.jpg,giant+panda_10383.jpg,giant+panda_10701.jpg,giant+panda_10148.jpg,giant+panda_10539.jpg,giant+panda_10404.jpg,giant+panda_10636.jpg,giant+panda_10591.jpg,giant+panda_10017.jpg,giant+panda_10288.jpg,giant+panda_10085.jpg,giant+panda_10420.jpg,giant+panda_10773.jpg,giant+panda_10752.jpg,giant+panda_10480.jpg,giant+panda_10690.jpg,giant+panda_10604.jpg,giant+panda_10570.jpg,giant+panda_10778.jpg,giant+panda_10487.jpg,giant+panda_10436.jpg
