killer+whale,killer+whale_10195.jpg,killer+whale_10057.jpg,killer+whale_10273.jpg,killer+whale_10081.jpg,killer+whale_10130.jpg,killer+whale_10284.jpg,killer+whale_10169.jpg,killer+whale_10105.jpg,killer+whale_10037.jpg,killer+whale_10248.jpg
rabbit,rabbit_10450.jpg,rabbit_10562.jpg,rabbit_10591.jpg,rabbit_10068.jpg,rabbit_10650.jpg,rabbit_11019.jpg,rabbit_10588.jpg,rabbit_10954.jpg,rabbit_10051.jpg,rabbit_10993.jpg
polar+bear,polar+bear_10316.jpg,polar+bear_10859.jpg,polar+bear_10193.jpg,polar+bear_10440.jpg,polar+bear_10805.jpg,polar+bear_10864.jpg,polar+bear_10555.jpg,polar+bear_10627.jpg,polar+bear_10539.jpg,polar+bear_10675.jpg
bat,bat_10046.jpg,bat_10299.jpg,bat_10067.jpg,bat_10034.jpg,bat_10289.jpg,bat_10082.jpg,bat_10296.jpg,bat_10015.jpg,bat_10190.jpg,bat_10300.jpg
buffalo,buffalo_10724.jpg,buffalo_10385.jpg,buffalo_10782.jpg,buffalo_10752.jpg,buffalo_10514.jpg,buffalo_10637.jpg,buffalo_10861.jpg,buffalo_10611.jpg,buffalo_10071.jpg,buffalo_10582.jpg
ox,ox_10385.jpg,ox_10422.jpg,ox_10442.jpg,ox_10133.jpg,ox_10663.jpg,ox_10688.jpg,ox_10456.jpg,ox_10488.jpg,ox_10392.jpg,ox_10590.jpg
dolphin,dolphin_10753.jpg,dolphin_10072.jpg,dolphin_10816.jpg,dolphin_10310.jpg,dolphin_10603.jpg,dolphin_10048.jpg,dolphin_10170.jpg,dolphin_10392.jpg,dolphin_10279.jpg,dolphin_10430.jpg
mouse,mouse_10047.jpg,mouse_10024.jpg,mouse_10016.jpg,mouse_10089.jpg,mouse_10118.jpg,mouse_10151.jpg,mouse_10023.jpg,mouse_10015.jpg,mouse_10145.jpg,mouse_10165.jpg
hamster,hamster_10341.jpg,hamster_10696.jpg,hamster_10510.jpg,hamster_10519.jpg,hamster_10118.jpg,hamster_10097.jpg,hamster_10591.jpg,hamster_10691.jpg,hamster_10215.jpg,hamster_10773.jpg
zebra,zebra_10085.jpg,zebra_10076.jpg,zebra_10957.jpg,zebra_11166.jpg,zebra_10428.jpg,zebra_10109.jpg,zebra_10866.jpg,zebra_10448.jpg,zebra_10138.jpg,zebra_10689.jpg
beaver,beaver_10188.jpg,beaver_10027.jpg,beaver_10167.jpg,beaver_10151.jpg,beaver_10182.jpg,beaver_10162.jpg,beaver_10004.jpg,beaver_10148.jpg,beaver_10118.jpg,beaver_10152.jpg
chimpanzee,chimpanzee_10396.jpg,chimpanzee_10009.jpg,chimpanzee_10594.jpg,chimpanzee_10482.jpg,chimpanzee_10244.jpg,chimpanzee_10112.jpg,chimpanzee_10346.jpg,chimpanzee_10281.jpg,chimpanzee_10429.jpg,chimpanzee_10064.jpg
skunk,skunk_10175.jpg,skunk_10127.jpg,skunk_10146.jpg,skunk_10125.jpg,skunk_10017.jpg,skunk_10072.jpg,skunk_10058.jpg,skunk_10040.jpg,skunk_10055.jpg,skunk_10009.jpg
chihuahua,chihuahua_10285.jpg,chihuahua_10420.jpg,chihuahua_10311.jpg,chihuahua_10008.jpg,chihuahua_10444.jpg,chihuahua_10039.jpg,chihuahua_10554.jpg,chihuahua_10412.jpg,chihuahua_10180.jpg,chihuahua_10413.jpg
lion,lion_10367.jpg,lion_10495.jpg,lion_10170.jpg,lion_10276.jpg,lion_10124.jpg,lion_10099.jpg,lion_10067.jpg,lion_10657.jpg,lion_10665.jpg,lion_10093.jpg
blue+whale,blue+whale_10148.jpg,blue+whale_10117.jpg,blue+whale_10156.jpg,blue+whale_10009.jpg,blue+whale_10085.jpg,blue+whale_10134.jpg,blue+whale_10058.jpg,blue+whale_10065.jpg,blue+whale_10104.jpg,blue+whale_10080.jpg
dalmatian,dalmatian_10407.jpg,dalmatian_10394.jpg,dalmatian_10383.jpg,dalmatian_10449.jpg,dalmatian_10158.jpg,dalmatian_10393.jpg,dalmatian_10300.jpg,dalmatian_10330.jpg,dalmatian_10283.jpg,dalmatian_10350.jpg
fox,fox_10259.jpg,fox_10286.jpg,fox_10027.jpg,fox_10150.jpg,fox_10434.jpg,fox_10566.jpg,fox_10059.jpg,fox_10029.jpg,fox_10430.jpg,fox_10099.jpg
sheep,sheep_10204.jpg,sheep_10694.jpg,sheep_11221.jpg,sheep_11281.jpg,sheep_10239.jpg,sheep_11216.jpg,sheep_10353.jpg,sheep_10789.jpg,sheep_10696.jpg,sheep_11132.jpg
collie,collie_10458.jpg,collie_10437.jpg,collie_10054.jpg,collie_10688.jpg,collie_10773.jpg,collie_10235.jpg,collie_10276.jpg,collie_10564.jpg,collie_10469.jpg,collie_10797.jpg
rhinoceros,rhinoceros_10122.jpg,rhinoceros_10371.jpg,rhinoceros_10281.jpg,rhinoceros_10084.jpg,rhinoceros_10477.jpg,rhinoceros_10408.jpg,rhinoceros_10221.jpg,rhinoceros_10030.jpg,rhinoceros_10251.jpg,rhinoceros_10086.jpg
gorilla,gorilla_10056.jpg,gorilla_10500.jpg,gorilla_10162.jpg,gorilla_10812.jpg,gorilla_10002.jpg,gorilla_10609.jpg,gorilla_10042.jpg,gorilla_10146.jpg,gorilla_10228.jpg,gorilla_10712.jpg
raccoon,raccoon_10386.jpg,raccoon_10219.jpg,raccoon_10064.jpg,raccoon_10405.jpg,raccoon_10427.jpg,raccoon_10391.jpg,raccoon_10463.jpg,raccoon_10357.jpg,raccoon_10435.jpg,raccoon_10402.jpg
pig,pig_10358.jpg,pig_10515.jpg,pig_10360.jpg,pig_10405.jpg,pig_10526.jpg,pig_10334.jpg,pig_10589.jpg,pig_10209.jpg,pig_10330.jpg,pig_10351.jpg
tiger,tiger_10656.jpg,tiger_10616.jpg,tiger_10509.jpg,tiger_10563.jpg,tiger_10402.jpg,tiger_10501.jpg,tiger_10075.jpg,tiger_10055.jpg,tiger_10512.jpg,tiger_10444.jpg
wolf,wolf_10045.jpg,wolf_10188.jpg,wolf_10040.jpg,wolf_10519.jpg,wolf_10146.jpg,wolf_10489.jpg,wolf_10147.jpg,wolf_10394.jpg,wolf_10089.jpg,wolf_10256.jpg
cow,cow_10965.jpg,cow_10008.jpg,cow_10816.jpg,cow_10222.jpg,cow_10566.jpg,cow_10646.jpg,cow_11129.jpg,cow_10786.jpg,cow_11084.jpg,cow_10908.jpg
elephant,elephant_10352.jpg,elephant_10332.jpg,elephant_10349.jpg,elephant_10007.jpg,elephant_10272.jpg,elephant_10190.jpg,elephant_10920.jpg,elephant_10262.jpg,elephant_10891.jpg,elephant_10309.jpg
mole,mole_10027.jpg,mole_10047.jpg,mole_10086.jpg,mole_10075.jpg,mole_10006.jpg,mole_10039.jpg,mole_10058.jpg,mole_10021.jpg,mole_10077.jpg,mole_10007.jpg
seal,seal_10582.jpg,seal_10487.jpg,seal_10068.jpg,seal_10830.jpg,seal_10313.jpg,seal_10127.jpg,seal_10924.jpg,seal_10921.jpg,seal_10074.jpg,seal_10846.jpg
rat,rat_10226.jpg,rat_10263.jpg,rat_10126.jpg,rat_10261.jpg,rat_10259.jpg,rat_10273.jpg,rat_10031.jpg,rat_10132.jpg,rat_10044.jpg,rat_10185.jpg
deer,deer_11014.jpg,deer_10563.jpg,deer_10276.jpg,deer_10537.jpg,deer_10350.jpg,deer_11061.jpg,deer_10461.jpg,deer_10868.jpg,deer_11218.jpg,deer_10587.jpg
weasel,weasel_10144.jpg,weasel_10128.jpg,weasel_10265.jpg,weasel_10115.jpg,weasel_10110.jpg,weasel_10149.jpg,weasel_10196.jpg,weasel_10070.jpg,weasel_10223.jpg,weasel_10176.jpg
moose,moose_10562.jpg,moose_10676.jpg,moose_10437.jpg,moose_10458.jpg,moose_10467.jpg,moose_10425.jpg,moose_10077.jpg,moose_10248.jpg,moose_10601.jpg,moose_10494.jpg
humpback+whale,humpback+whale_10067.jpg,humpback+whale_10224.jpg,humpback+whale_10433.jpg,humpback+whale_10191.jpg,humpback+whale_10096.jpg,humpback+whale_10292.jpg,humpback+whale_10510.jpg,humpback+whale_10624.jpg,humpback+whale_10237.jpg,humpback+whale_10520.jpg
squirrel,squirrel_10253.jpg,squirrel_10953.jpg,squirrel_10598.jpg,squirrel_10409.jpg,squirrel_10697.jpg,squirrel_11067.jpg,squirrel_10388.jpg,squirrel_10229.jpg,squirrel_10160.jpg,squirrel_10976.jpg
giraffe,giraffe_10932.jpg,giraffe_10994.jpg,giraffe_10614.jpg,giraffe_10919.jpg,giraffe_10252.jpg,giraffe_10464.jpg,giraffe_10913.jpg,giraffe_10871.jpg,giraffe_10696.jpg,giraffe_10034.jpg
grizzly+bear,grizzly+bear_10045.jpg,grizzly+bear_10602.jpg,grizzly+bear_10572.jpg,grizzly+bear_10429.jpg,grizzly+bear_10274.jpg,grizzly+bear_10587.jpg,grizzly+bear_10012.jpg,grizzly+bear_10766.jpg,grizzly+bear_10650.jpg,grizzly+bear_10779.jpg
horse,horse_11209.jpg,horse_10734.jpg,horse_10991.jpg,horse_11233.jpg,horse_10773.jpg,horse_11398.jpg,horse_10973.jpg,horse_11288.jpg,horse_11058.jpg,horse_10284.jpg
walrus,walrus_10135.jpg,walrus_10066.jpg,walrus_10167.jpg,walrus_10058.jpg,walrus_10094.jpg,walrus_10106.jpg,walrus_10017.jpg,walrus_10199.jpg,walrus_10044.jpg,walrus_10088.jpg
siamese+cat,siamese+cat_10488.jpg,siamese+cat_10130.jpg,siamese+cat_10496.jpg,siamese+cat_10049.jpg,siamese+cat_10087.jpg,siamese+cat_10403.jpg,siamese+cat_10449.jpg,siamese+cat_10063.jpg,siamese+cat_10495.jpg,siamese+cat_10194.jpg
spider+monkey,spider+monkey_10246.jpg,spider+monkey_10129.jpg,spider+monkey_10076.jpg,spider+monkey_10285.jpg,spider+monkey_10090.jpg,spider+monkey_10224.jpg,spider+monkey_10187.jpg,spider+monkey_10126.jpg,spider+monkey_10041.jpg,spider+monkey_10038.jpg
bobcat,bobcat_10493.jpg,bobcat_10099.jpg,bobcat_10626.jpg,bobcat_10227.jpg,bobcat_10005.jpg,bobcat_10228.jpg,bobcat_10016.jpg,bobcat_10130.jpg,bobcat_10278.jpg,bobcat_10421.jpg
german+shepherd,german+shepherd_10830.jpg,german+shepherd_10680.jpg,german+shepherd_10028.jpg,german+shepherd_10426.jpg,german+shepherd_10895.jpg,german+shepherd_10257.jpg,german+shepherd_10248.jpg,german+shepherd_10822.jpg,german+shepherd_10077.jpg,german+shepherd_10203.jpg
leopard,leopard_10264.jpg,leopard_10167.jpg,leopard_10249.jpg,leopard_10217.jpg,leopard_10687.jpg,leopard_10290.jpg,leopard_10007.jpg,leopard_10558.jpg,leopard_10521.jpg,leopard_10425.jpg
antelope,antelope_10093.jpg,antelope_10520.jpg,antelope_10824.jpg,antelope_10213.jpg,antelope_10460.jpg,antelope_10133.jpg,antelope_10530.jpg,antelope_10303.jpg,antelope_10400.jpg,antelope_10929.jpg
hippopotamus,hippopotamus_10006.jpg,hippopotamus_10626.jpg,hippopotamus_10433.jpg,hippopotamus_10574.jpg,hippopotamus_10414.jpg,hippopotamus_10089.jpg,hippopotamus_10295.jpg,hippopotamus_10387.jpg,hippopotamus_10354.jpg,hippopotamus_10589.jpg
otter,otter_10509.jpg,otter_10360.jpg,otter_10273.jpg,otter_10603.jpg,otter_10722.jpg,otter_10624.jpg,otter_10066.jpg,otter_10033.jpg,otter_10559.jpg,otter_10043.jpg
persian+cat,persian+cat_10402.jpg,persian+cat_10392.jpg,persian+cat_10266.jpg,persian+cat_10272.jpg,persian+cat_10550.jpg,persian+cat_10162.jpg,persian+cat_10057.jpg,persian+cat_10507.jpg,persian+cat_10045.jpg,persian+cat_10627.jpg
giant+panda,giant+panda_10850.jpg,giant+panda_10240.jpg,giant+panda_10520.jpg,giant+panda_10789.jpg,giant+panda_10569.jpg,giant+panda_10291.jpg,giant+panda_10465.jpg,giant+panda_10069.jpg,giant+panda_10392.jpg,giant+panda_10253.jpg
