hippopotamus,hippopotamus_10267.jpg,hippopotamus_10524.jpg,hippopotamus_10414.jpg,hippopotamus_10404.jpg,hippopotamus_10401.jpg,hippopotamus_10275.jpg,hippopotamus_10138.jpg,hippopotamus_10222.jpg,hippopotamus_10075.jpg,hippopotamus_10095.jpg,hippopotamus_10307.jpg,hippopotamus_10463.jpg,hippopotamus_10478.jpg,hippopotamus_10584.jpg,hippopotamus_10572.jpg,hippopotamus_10447.jpg,hippopotamus_10434.jpg,hippopotamus_10446.jpg,hippopotamus_10674.jpg,hippopotamus_10162.jpg,hippopotamus_10679.jpg,hippopotamus_10301.jpg,hippopotamus_10008.jpg,hippopotamus_10539.jpg,hippopotamus_10508.jpg,hippopotamus_10606.jpg,hippopotamus_10592.jpg,hippopotamus_10684.jpg,hippopotamus_10633.jpg,hippopotamus_10421.jpg,hippopotamus_10083.jpg,hippopotamus_10587.jpg,hippopotamus_10641.jpg,hippopotamus_10235.jpg,hippopotamus_10546.jpg,hippopotamus_10268.jpg,hippopotamus_10390.jpg,hippopotamus_10005.jpg,hippopotamus_10500.jpg,hippopotamus_10132.jpg
gorilla,gorilla_10221.jpg,gorilla_10451.jpg,gorilla_10364.jpg,gorilla_10177.jpg,gorilla_10829.jpg,gorilla_10636.jpg,gorilla_10756.jpg,gorilla_10539.jpg,gorilla_10014.jpg,gorilla_10330.jpg,gorilla_10087.jpg,gorilla_10056.jpg,gorilla_10372.jpg,gorilla_10432.jpg,gorilla_10530.jpg,gorilla_10847.jpg,gorilla_10264.jpg,gorilla_10461.jpg,gorilla_10664.jpg,gorilla_10185.jpg,gorilla_10373.jpg,gorilla_10632.jpg,gorilla_10808.jpg,gorilla_10814.jpg,gorilla_10752.jpg,gorilla_10529.jpg,gorilla_10067.jpg,gorilla_10275.jpg,gorilla_10741.jpg,gorilla_10449.jpg,gorilla_10214.jpg,gorilla_10802.jpg,gorilla_10257.jpg,gorilla_10849.jpg,gorilla_10309.jpg,gorilla_10366.jpg,gorilla_10605.jpg,gorilla_10351.jpg,gorilla_10006.jpg,gorilla_10781.jpg
rhinoceros,rhinoceros_10513.jpg,rhinoceros_10064.jpg,rhinoceros_10642.jpg,rhinoceros_10545.jpg,rhinoceros_10264.jpg,rhinoceros_10232.jpg,rhinoceros_10450.jpg,rhinoceros_10632.jpg,rhinoceros_10611.jpg,rhinoceros_10481.jpg,rhinoceros_10480.jpg,rhinoceros_10142.jpg,rhinoceros_10290.jpg,rhinoceros_10002.jpg,rhinoceros_10075.jpg,rhinoceros_10444.jpg,rhinoceros_10176.jpg,rhinoceros_10558.jpg,rhinoceros_10196.jpg,rhinoceros_10003.jpg,rhinoceros_10253.jpg,rhinoceros_10316.jpg,rhinoceros_10094.jpg,rhinoceros_10387.jpg,rhinoceros_10506.jpg,rhinoceros_10251.jpg,rhinoceros_10259.jpg,rhinoceros_10655.jpg,rhinoceros_10229.jpg,rhinoceros_10279.jpg,rhinoceros_10401.jpg,rhinoceros_10195.jpg,rhinoceros_10118.jpg,rhinoceros_10283.jpg,rhinoceros_10438.jpg,rhinoceros_10049.jpg,rhinoceros_10108.jpg,rhinoceros_10586.jpg,rhinoceros_10552.jpg,rhinoceros_10053.jpg
raccoon,raccoon_10195.jpg,raccoon_10278.jpg,raccoon_10168.jpg,raccoon_10207.jpg,raccoon_10505.jpg,raccoon_10293.jpg,raccoon_10281.jpg,raccoon_10288.jpg,raccoon_10004.jpg,raccoon_10185.jpg,raccoon_10374.jpg,raccoon_10360.jpg,raccoon_10069.jpg,raccoon_10479.jpg,raccoon_10234.jpg,raccoon_10178.jpg,raccoon_10422.jpg,raccoon_10344.jpg,raccoon_10326.jpg,raccoon_10297.jpg,raccoon_10101.jpg,raccoon_10474.jpg,raccoon_10154.jpg,raccoon_10338.jpg,raccoon_10094.jpg,raccoon_10187.jpg,raccoon_10046.jpg,raccoon_10051.jpg,raccoon_10502.jpg,raccoon_10063.jpg,raccoon_10301.jpg,raccoon_10017.jpg,raccoon_10283.jpg,raccoon_10159.jpg,raccoon_10180.jpg,raccoon_10193.jpg,raccoon_10258.jpg,raccoon_10368.jpg,raccoon_10164.jpg,raccoon_10315.jpg
humpback+whale,humpback+whale_10161.jpg,humpback+whale_10234.jpg,humpback+whale_10012.jpg,humpback+whale_10474.jpg,humpback+whale_10232.jpg,humpback+whale_10324.jpg,humpback+whale_10511.jpg,humpback+whale_10385.jpg,humpback+whale_10019.jpg,humpback+whale_10401.jpg,humpback+whale_10398.jpg,humpback+whale_10652.jpg,humpback+whale_10554.jpg,humpback+whale_10230.jpg,humpback+whale_10696.jpg,humpback+whale_10243.jpg,humpback+whale_10444.jpg,humpback+whale_10608.jpg,humpback+whale_10572.jpg,humpback+whale_10412.jpg,humpback+whale_10169.jpg,humpback+whale_10186.jpg,humpback+whale_10416.jpg,humpback+whale_10147.jpg,humpback+whale_10667.jpg,humpback+whale_10007.jpg,humpback+whale_10002.jpg,humpback+whale_10317.jpg,humpback+whale_10513.jpg,humpback+whale_10557.jpg,humpback+whale_10598.jpg,humpback+whale_10622.jpg,humpback+whale_10146.jpg,humpback+whale_10277.jpg,humpback+whale_10263.jpg,humpback+whale_10206.jpg,humpback+whale_10006.jpg,humpback+whale_10659.jpg,humpback+whale_10461.jpg,humpback+whale_10431.jpg
killer+whale,killer+whale_10221.jpg,killer+whale_10160.jpg,killer+whale_10268.jpg,killer+whale_10108.jpg,killer+whale_10126.jpg,killer+whale_10277.jpg,killer+whale_10159.jpg,killer+whale_10129.jpg,killer+whale_10196.jpg,killer+whale_10068.jpg,killer+whale_10103.jpg,killer+whale_10275.jpg,killer+whale_10158.jpg,killer+whale_10184.jpg,killer+whale_10233.jpg,killer+whale_10040.jpg,killer+whale_10030.jpg,killer+whale_10247.jpg,killer+whale_10176.jpg,killer+whale_10177.jpg,killer+whale_10060.jpg,killer+whale_10010.jpg,killer+whale_10118.jpg,killer+whale_10055.jpg,killer+whale_10011.jpg,killer+whale_10209.jpg,killer+whale_10179.jpg,killer+whale_10195.jpg,killer+whale_10200.jpg,killer+whale_10267.jpg,killer+whale_10016.jpg,killer+whale_10070.jpg,killer+whale_10017.jpg,killer+whale_10181.jpg,killer+whale_10288.jpg,killer+whale_10261.jpg,killer+whale_10075.jpg,killer+whale_10134.jpg,killer+whale_10280.jpg,killer+whale_10220.jpg
pig,pig_10619.jpg,pig_10670.jpg,pig_10228.jpg,pig_10353.jpg,pig_10123.jpg,pig_10293.jpg,pig_10555.jpg,pig_10252.jpg,pig_10204.jpg,pig_10002.jpg,pig_10592.jpg,pig_10011.jpg,pig_10155.jpg,pig_10421.jpg,pig_10688.jpg,pig_10141.jpg,pig_10068.jpg,pig_10423.jpg,pig_10178.jpg,pig_10465.jpg,pig_10073.jpg,pig_10439.jpg,pig_10682.jpg,pig_10016.jpg,pig_10664.jpg,pig_10039.jpg,pig_10294.jpg,pig_10132.jpg,pig_10413.jpg,pig_10138.jpg,pig_10427.jpg,pig_10010.jpg,pig_10050.jpg,pig_10588.jpg,pig_10410.jpg,pig_10579.jpg,pig_10556.jpg,pig_10046.jpg,pig_10469.jpg,pig_10452.jpg
giant+panda,giant+panda_10782.jpg,giant+panda_10352.jpg,giant+panda_10661.jpg,giant+panda_10591.jpg,giant+panda_10842.jpg,giant+panda_10863.jpg,giant+panda_10532.jpg,giant+panda_10779.jpg,giant+panda_10066.jpg,giant+panda_10562.jpg,giant+panda_10192.jpg,giant+panda_10300.jpg,giant+panda_10134.jpg,giant+panda_10584.jpg,giant+panda_10095.jpg,giant+panda_10456.jpg,giant+panda_10144.jpg,giant+panda_10038.jpg,giant+panda_10512.jpg,giant+panda_10332.jpg,giant+panda_10312.jpg,giant+panda_10762.jpg,giant+panda_10240.jpg,giant+panda_10848.jpg,giant+panda_10367.jpg,giant+panda_10676.jpg,giant+panda_10859.jpg,giant+panda_10636.jpg,giant+panda_10057.jpg,giant+panda_10147.jpg,giant+panda_10355.jpg,giant+panda_10717.jpg,giant+panda_10327.jpg,giant+panda_10683.jpg,giant+panda_10733.jpg,giant+panda_10444.jpg,giant+panda_10737.jpg,giant+panda_10381.jpg,giant+panda_10699.jpg,giant+panda_10432.jpg
dalmatian,dalmatian_10176.jpg,dalmatian_10493.jpg,dalmatian_10367.jpg,dalmatian_10199.jpg,dalmatian_10366.jpg,dalmatian_10364.jpg,dalmatian_10233.jpg,dalmatian_10085.jpg,dalmatian_10320.jpg,dalmatian_10242.jpg,dalmatian_10056.jpg,dalmatian_10328.jpg,dalmatian_10395.jpg,dalmatian_10134.jpg,dalmatian_10109.jpg,dalmatian_10078.jpg,dalmatian_10201.jpg,dalmatian_10424.jpg,dalmatian_10089.jpg,dalmatian_10015.jpg,dalmatian_10291.jpg,dalmatian_10245.jpg,dalmatian_10448.jpg,dalmatian_10011.jpg,dalmatian_10207.jpg,dalmatian_10055.jpg,dalmatian_10369.jpg,dalmatian_10102.jpg,dalmatian_10541.jpg,dalmatian_10202.jpg,dalmatian_10266.jpg,dalmatian_10106.jpg,dalmatian_10388.jpg,dalmatian_10260.jpg,dalmatian_10500.jpg,dalmatian_10420.jpg,dalmatian_10042.jpg,dalmatian_10228.jpg,dalmatian_10486.jpg,dalmatian_10490.jpg
moose,moose_10693.jpg,moose_10495.jpg,moose_10268.jpg,moose_10243.jpg,moose_10041.jpg,moose_10596.jpg,moose_10329.jpg,moose_10657.jpg,moose_10382.jpg,moose_10264.jpg,moose_10170.jpg,moose_10408.jpg,moose_10134.jpg,moose_10691.jpg,moose_10311.jpg,moose_10559.jpg,moose_10027.jpg,moose_10560.jpg,moose_10215.jpg,moose_10058.jpg,moose_10159.jpg,moose_10049.jpg,moose_10208.jpg,moose_10677.jpg,moose_10387.jpg,moose_10518.jpg,moose_10262.jpg,moose_10202.jpg,moose_10203.jpg,moose_10542.jpg,moose_10001.jpg,moose_10544.jpg,moose_10509.jpg,moose_10531.jpg,moose_10590.jpg,moose_10151.jpg,moose_10152.jpg,moose_10348.jpg,moose_10484.jpg,moose_10172.jpg
antelope,antelope_10444.jpg,antelope_10051.jpg,antelope_10446.jpg,antelope_10151.jpg,antelope_10041.jpg,antelope_10406.jpg,antelope_10635.jpg,antelope_10986.jpg,antelope_10905.jpg,antelope_10346.jpg,antelope_10244.jpg,antelope_10527.jpg,antelope_10342.jpg,antelope_10085.jpg,antelope_10966.jpg,antelope_10324.jpg,antelope_10454.jpg,antelope_10013.jpg,antelope_10624.jpg,antelope_10747.jpg,antelope_10168.jpg,antelope_10667.jpg,antelope_10282.jpg,antelope_10835.jpg,antelope_10258.jpg,antelope_10352.jpg,antelope_10374.jpg,antelope_10136.jpg,antelope_10420.jpg,antelope_10386.jpg,antelope_10329.jpg,antelope_10427.jpg,antelope_10700.jpg,antelope_10716.jpg,antelope_10411.jpg,antelope_10210.jpg,antelope_10906.jpg,antelope_10543.jpg,antelope_10475.jpg,antelope_10576.jpg
persian+cat,persian+cat_10137.jpg,persian+cat_10460.jpg,persian+cat_10112.jpg,persian+cat_10668.jpg,persian+cat_10057.jpg,persian+cat_10226.jpg,persian+cat_10446.jpg,persian+cat_10033.jpg,persian+cat_10728.jpg,persian+cat_10585.jpg,persian+cat_10017.jpg,persian+cat_10008.jpg,persian+cat_10046.jpg,persian+cat_10010.jpg,persian+cat_10639.jpg,persian+cat_10324.jpg,persian+cat_10502.jpg,persian+cat_10016.jpg,persian+cat_10274.jpg,persian+cat_10158.jpg,persian+cat_10725.jpg,persian+cat_10468.jpg,persian+cat_10227.jpg,persian+cat_10289.jpg,persian+cat_10463.jpg,persian+cat_10432.jpg,persian+cat_10568.jpg,persian+cat_10741.jpg,persian+cat_10735.jpg,persian+cat_10711.jpg,persian+cat_10281.jpg,persian+cat_10426.jpg,persian+cat_10589.jpg,persian+cat_10654.jpg,persian+cat_10262.jpg,persian+cat_10518.jpg,persian+cat_10114.jpg,persian+cat_10130.jpg,persian+cat_10150.jpg,persian+cat_10131.jpg
siamese+cat,siamese+cat_10460.jpg,siamese+cat_10449.jpg,siamese+cat_10234.jpg,siamese+cat_10287.jpg,siamese+cat_10018.jpg,siamese+cat_10134.jpg,siamese+cat_10315.jpg,siamese+cat_10025.jpg,siamese+cat_10313.jpg,siamese+cat_10271.jpg,siamese+cat_10415.jpg,siamese+cat_10318.jpg,siamese+cat_10073.jpg,siamese+cat_10228.jpg,siamese+cat_10299.jpg,siamese+cat_10091.jpg,siamese+cat_10028.jpg,siamese+cat_10020.jpg,siamese+cat_10049.jpg,siamese+cat_10092.jpg,siamese+cat_10420.jpg,siamese+cat_10012.jpg,siamese+cat_10213.jpg,siamese+cat_10173.jpg,siamese+cat_10251.jpg,siamese+cat_10274.jpg,siamese+cat_10325.jpg,siamese+cat_10204.jpg,siamese+cat_10024.jpg,siamese+cat_10276.jpg,siamese+cat_10083.jpg,siamese+cat_10361.jpg,siamese+cat_10419.jpg,siamese+cat_10414.jpg,siamese+cat_10461.jpg,siamese+cat_10458.jpg,siamese+cat_10090.jpg,siamese+cat_10289.jpg,siamese+cat_10413.jpg,siamese+cat_10463.jpg
fox,fox_10028.jpg,fox_10317.jpg,fox_10580.jpg,fox_10460.jpg,fox_10230.jpg,fox_10006.jpg,fox_10181.jpg,fox_10027.jpg,fox_10596.jpg,fox_10561.jpg,fox_10639.jpg,fox_10434.jpg,fox_10447.jpg,fox_10124.jpg,fox_10486.jpg,fox_10503.jpg,fox_10067.jpg,fox_10163.jpg,fox_10633.jpg,fox_10342.jpg,fox_10415.jpg,fox_10320.jpg,fox_10023.jpg,fox_10405.jpg,fox_10607.jpg,fox_10075.jpg,fox_10417.jpg,fox_10139.jpg,fox_10262.jpg,fox_10634.jpg,fox_10365.jpg,fox_10496.jpg,fox_10492.jpg,fox_10215.jpg,fox_10533.jpg,fox_10012.jpg,fox_10377.jpg,fox_10187.jpg,fox_10288.jpg,fox_10598.jpg
dolphin,dolphin_10632.jpg,dolphin_10128.jpg,dolphin_10863.jpg,dolphin_10898.jpg,dolphin_10353.jpg,dolphin_10350.jpg,dolphin_10357.jpg,dolphin_10736.jpg,dolphin_10174.jpg,dolphin_10235.jpg,dolphin_10708.jpg,dolphin_10284.jpg,dolphin_10194.jpg,dolphin_10837.jpg,dolphin_10814.jpg,dolphin_10056.jpg,dolphin_10311.jpg,dolphin_10402.jpg,dolphin_10081.jpg,dolphin_10283.jpg,dolphin_10411.jpg,dolphin_10759.jpg,dolphin_10546.jpg,dolphin_10390.jpg,dolphin_10225.jpg,dolphin_10122.jpg,dolphin_10671.jpg,dolphin_10604.jpg,dolphin_10302.jpg,dolphin_10895.jpg,dolphin_10230.jpg,dolphin_10905.jpg,dolphin_10713.jpg,dolphin_10725.jpg,dolphin_10024.jpg,dolphin_10323.jpg,dolphin_10188.jpg,dolphin_10211.jpg,dolphin_10614.jpg,dolphin_10932.jpg
polar+bear,polar+bear_10478.jpg,polar+bear_10777.jpg,polar+bear_10362.jpg,polar+bear_10836.jpg,polar+bear_10322.jpg,polar+bear_10441.jpg,polar+bear_10176.jpg,polar+bear_10692.jpg,polar+bear_10653.jpg,polar+bear_10247.jpg,polar+bear_10299.jpg,polar+bear_10325.jpg,polar+bear_10591.jpg,polar+bear_10037.jpg,polar+bear_10704.jpg,polar+bear_10331.jpg,polar+bear_10581.jpg,polar+bear_10553.jpg,polar+bear_10642.jpg,polar+bear_10180.jpg,polar+bear_10348.jpg,polar+bear_10671.jpg,polar+bear_10035.jpg,polar+bear_10472.jpg,polar+bear_10673.jpg,polar+bear_10311.jpg,polar+bear_10370.jpg,polar+bear_10011.jpg,polar+bear_10839.jpg,polar+bear_10356.jpg,polar+bear_10730.jpg,polar+bear_10054.jpg,polar+bear_10611.jpg,polar+bear_10359.jpg,polar+bear_10339.jpg,polar+bear_10036.jpg,polar+bear_10223.jpg,polar+bear_10520.jpg,polar+bear_10593.jpg,polar+bear_10511.jpg
giraffe,giraffe_10070.jpg,giraffe_10338.jpg,giraffe_10111.jpg,giraffe_10761.jpg,giraffe_10703.jpg,giraffe_10246.jpg,giraffe_10756.jpg,giraffe_10899.jpg,giraffe_11087.jpg,giraffe_10192.jpg,giraffe_10131.jpg,giraffe_10291.jpg,giraffe_10677.jpg,giraffe_10624.jpg,giraffe_10237.jpg,giraffe_10259.jpg,giraffe_10413.jpg,giraffe_10524.jpg,giraffe_11200.jpg,giraffe_10911.jpg,giraffe_10446.jpg,giraffe_10053.jpg,giraffe_10251.jpg,giraffe_10745.jpg,giraffe_11117.jpg,giraffe_10560.jpg,giraffe_10835.jpg,giraffe_11082.jpg,giraffe_11161.jpg,giraffe_10402.jpg,giraffe_10945.jpg,giraffe_10156.jpg,giraffe_10115.jpg,giraffe_11079.jpg,giraffe_10180.jpg,giraffe_10802.jpg,giraffe_10540.jpg,giraffe_10633.jpg,giraffe_10182.jpg,giraffe_10101.jpg
zebra,zebra_11023.jpg,zebra_10881.jpg,zebra_10326.jpg,zebra_10466.jpg,zebra_10871.jpg,zebra_10233.jpg,zebra_10457.jpg,zebra_10815.jpg,zebra_10061.jpg,zebra_10367.jpg,zebra_11169.jpg,zebra_10426.jpg,zebra_11028.jpg,zebra_10283.jpg,zebra_10790.jpg,zebra_10514.jpg,zebra_11086.jpg,zebra_10644.jpg,zebra_10570.jpg,zebra_10311.jpg,zebra_10855.jpg,zebra_10577.jpg,zebra_11005.jpg,zebra_10969.jpg,zebra_10032.jpg,zebra_11168.jpg,zebra_10828.jpg,zebra_11095.jpg,zebra_10766.jpg,zebra_10122.jpg,zebra_10412.jpg,zebra_10344.jpg,zebra_11075.jpg,zebra_10816.jpg,zebra_10207.jpg,zebra_11094.jpg,zebra_11098.jpg,zebra_10683.jpg,zebra_10762.jpg,zebra_10539.jpg
leopard,leopard_10278.jpg,leopard_10331.jpg,leopard_10139.jpg,leopard_10095.jpg,leopard_10675.jpg,leopard_10284.jpg,leopard_10306.jpg,leopard_10198.jpg,leopard_10659.jpg,leopard_10090.jpg,leopard_10137.jpg,leopard_10531.jpg,leopard_10547.jpg,leopard_10133.jpg,leopard_10181.jpg,leopard_10511.jpg,leopard_10383.jpg,leopard_10314.jpg,leopard_10161.jpg,leopard_10043.jpg,leopard_10459.jpg,leopard_10673.jpg,leopard_10267.jpg,leopard_10424.jpg,leopard_10246.jpg,leopard_10520.jpg,leopard_10417.jpg,leopard_10610.jpg,leopard_10467.jpg,leopard_10265.jpg,leopard_10020.jpg,leopard_10430.jpg,leopard_10330.jpg,leopard_10470.jpg,leopard_10471.jpg,leopard_10293.jpg,leopard_10230.jpg,leopard_10248.jpg,leopard_10644.jpg,leopard_10677.jpg
blue+whale,blue+whale_10081.jpg,blue+whale_10057.jpg,blue+whale_10021.jpg,blue+whale_10103.jpg,blue+whale_10027.jpg,blue+whale_10110.jpg,blue+whale_10124.jpg,blue+whale_10073.jpg,blue+whale_10044.jpg,blue+whale_10091.jpg,blue+whale_10011.jpg,blue+whale_10095.jpg,blue+whale_10104.jpg,blue+whale_10024.jpg,blue+whale_10025.jpg,blue+whale_10134.jpg,blue+whale_10155.jpg,blue+whale_10005.jpg,blue+whale_10132.jpg,blue+whale_10117.jpg,blue+whale_10035.jpg,blue+whale_10114.jpg,blue+whale_10173.jpg,blue+whale_10154.jpg,blue+whale_10147.jpg,blue+whale_10010.jpg,blue+whale_10039.jpg,blue+whale_10171.jpg,blue+whale_10141.jpg,blue+whale_10164.jpg,blue+whale_10058.jpg,blue+whale_10151.jpg,blue+whale_10037.jpg,blue+whale_10076.jpg,blue+whale_10008.jpg,blue+whale_10004.jpg,blue+whale_10135.jpg,blue+whale_10153.jpg,blue+whale_10016.jpg,blue+whale_10045.jpg
chihuahua,chihuahua_10542.jpg,chihuahua_10242.jpg,chihuahua_10015.jpg,chihuahua_10414.jpg,chihuahua_10370.jpg,chihuahua_10232.jpg,chihuahua_10521.jpg,chihuahua_10063.jpg,chihuahua_10371.jpg,chihuahua_10427.jpg,chihuahua_10236.jpg,chihuahua_10144.jpg,chihuahua_10081.jpg,chihuahua_10534.jpg,chihuahua_10392.jpg,chihuahua_10083.jpg,chihuahua_10156.jpg,chihuahua_10265.jpg,chihuahua_10207.jpg,chihuahua_10325.jpg,chihuahua_10477.jpg,chihuahua_10040.jpg,chihuahua_10399.jpg,chihuahua_10481.jpg,chihuahua_10551.jpg,chihuahua_10334.jpg,chihuahua_10520.jpg,chihuahua_10004.jpg,chihuahua_10267.jpg,chihuahua_10177.jpg,chihuahua_10257.jpg,chihuahua_10456.jpg,chihuahua_10139.jpg,chihuahua_10563.jpg,chihuahua_10316.jpg,chihuahua_10553.jpg,chihuahua_10103.jpg,chihuahua_10023.jpg,chihuahua_10412.jpg,chihuahua_10228.jpg
sheep,sheep_10074.jpg,sheep_11157.jpg,sheep_10393.jpg,sheep_10997.jpg,sheep_10913.jpg,sheep_10079.jpg,sheep_10657.jpg,sheep_10091.jpg,sheep_10673.jpg,sheep_10416.jpg,sheep_11371.jpg,sheep_11141.jpg,sheep_11155.jpg,sheep_11375.jpg,sheep_10039.jpg,sheep_10870.jpg,sheep_11306.jpg,sheep_11012.jpg,sheep_10084.jpg,sheep_10810.jpg,sheep_10683.jpg,sheep_10216.jpg,sheep_10594.jpg,sheep_10829.jpg,sheep_10513.jpg,sheep_11389.jpg,sheep_10625.jpg,sheep_10676.jpg,sheep_10565.jpg,sheep_11180.jpg,sheep_10127.jpg,sheep_10297.jpg,sheep_11396.jpg,sheep_10264.jpg,sheep_10873.jpg,sheep_10948.jpg,sheep_10056.jpg,sheep_11270.jpg,sheep_10101.jpg,sheep_11110.jpg
hamster,hamster_10657.jpg,hamster_10734.jpg,hamster_10459.jpg,hamster_10054.jpg,hamster_10139.jpg,hamster_10048.jpg,hamster_10396.jpg,hamster_10162.jpg,hamster_10476.jpg,hamster_10046.jpg,hamster_10577.jpg,hamster_10597.jpg,hamster_10205.jpg,hamster_10448.jpg,hamster_10490.jpg,hamster_10763.jpg,hamster_10285.jpg,hamster_10340.jpg,hamster_10544.jpg,hamster_10567.jpg,hamster_10337.jpg,hamster_10268.jpg,hamster_10456.jpg,hamster_10408.jpg,hamster_10287.jpg,hamster_10237.jpg,hamster_10592.jpg,hamster_10454.jpg,hamster_10223.jpg,hamster_10304.jpg,hamster_10736.jpg,hamster_10719.jpg,hamster_10151.jpg,hamster_10274.jpg,hamster_10049.jpg,hamster_10061.jpg,hamster_10553.jpg,hamster_10324.jpg,hamster_10121.jpg,hamster_10047.jpg
ox,ox_10068.jpg,ox_10162.jpg,ox_10404.jpg,ox_10110.jpg,ox_10504.jpg,ox_10405.jpg,ox_10034.jpg,ox_10176.jpg,ox_10137.jpg,ox_10438.jpg,ox_10717.jpg,ox_10232.jpg,ox_10484.jpg,ox_10168.jpg,ox_10275.jpg,ox_10613.jpg,ox_10632.jpg,ox_10665.jpg,ox_10520.jpg,ox_10526.jpg,ox_10416.jpg,ox_10365.jpg,ox_10319.jpg,ox_10477.jpg,ox_10588.jpg,ox_10659.jpg,ox_10218.jpg,ox_10489.jpg,ox_10069.jpg,ox_10207.jpg,ox_10466.jpg,ox_10103.jpg,ox_10528.jpg,ox_10077.jpg,ox_10703.jpg,ox_10409.jpg,ox_10295.jpg,ox_10633.jpg,ox_10214.jpg,ox_10164.jpg
tiger,tiger_10659.jpg,tiger_10687.jpg,tiger_10012.jpg,tiger_10045.jpg,tiger_10243.jpg,tiger_10476.jpg,tiger_10216.jpg,tiger_10152.jpg,tiger_10569.jpg,tiger_10481.jpg,tiger_10427.jpg,tiger_10403.jpg,tiger_10344.jpg,tiger_10479.jpg,tiger_10074.jpg,tiger_10626.jpg,tiger_10109.jpg,tiger_10302.jpg,tiger_10472.jpg,tiger_10716.jpg,tiger_10326.jpg,tiger_10031.jpg,tiger_10308.jpg,tiger_10430.jpg,tiger_10441.jpg,tiger_10177.jpg,tiger_10694.jpg,tiger_10823.jpg,tiger_10511.jpg,tiger_10039.jpg,tiger_10546.jpg,tiger_10709.jpg,tiger_10770.jpg,tiger_10752.jpg,tiger_10817.jpg,tiger_10583.jpg,tiger_10670.jpg,tiger_10574.jpg,tiger_10410.jpg,tiger_10821.jpg
rat,rat_10290.jpg,rat_10040.jpg,rat_10033.jpg,rat_10264.jpg,rat_10119.jpg,rat_10139.jpg,rat_10188.jpg,rat_10001.jpg,rat_10250.jpg,rat_10106.jpg,rat_10017.jpg,rat_10288.jpg,rat_10034.jpg,rat_10194.jpg,rat_10115.jpg,rat_10242.jpg,rat_10022.jpg,rat_10028.jpg,rat_10256.jpg,rat_10297.jpg,rat_10102.jpg,rat_10209.jpg,rat_10080.jpg,rat_10213.jpg,rat_10186.jpg,rat_10211.jpg,rat_10082.jpg,rat_10098.jpg,rat_10047.jpg,rat_10013.jpg,rat_10285.jpg,rat_10125.jpg,rat_10240.jpg,rat_10253.jpg,rat_10212.jpg,rat_10046.jpg,rat_10140.jpg,rat_10035.jpg,rat_10154.jpg,rat_10114.jpg
otter,otter_10171.jpg,otter_10538.jpg,otter_10256.jpg,otter_10566.jpg,otter_10006.jpg,otter_10702.jpg,otter_10743.jpg,otter_10406.jpg,otter_10208.jpg,otter_10238.jpg,otter_10418.jpg,otter_10300.jpg,otter_10066.jpg,otter_10028.jpg,otter_10009.jpg,otter_10519.jpg,otter_10091.jpg,otter_10342.jpg,otter_10204.jpg,otter_10736.jpg,otter_10509.jpg,otter_10152.jpg,otter_10092.jpg,otter_10017.jpg,otter_10560.jpg,otter_10223.jpg,otter_10705.jpg,otter_10490.jpg,otter_10176.jpg,otter_10265.jpg,otter_10513.jpg,otter_10435.jpg,otter_10544.jpg,otter_10130.jpg,otter_10217.jpg,otter_10034.jpg,otter_10233.jpg,otter_10074.jpg,otter_10191.jpg,otter_10068.jpg
spider+monkey,spider+monkey_10211.jpg,spider+monkey_10009.jpg,spider+monkey_10144.jpg,spider+monkey_10241.jpg,spider+monkey_10260.jpg,spider+monkey_10138.jpg,spider+monkey_10155.jpg,spider+monkey_10182.jpg,spider+monkey_10107.jpg,spider+monkey_10022.jpg,spider+monkey_10082.jpg,spider+monkey_10215.jpg,spider+monkey_10238.jpg,spider+monkey_10235.jpg,spider+monkey_10063.jpg,spider+monkey_10181.jpg,spider+monkey_10233.jpg,spider+monkey_10218.jpg,spider+monkey_10050.jpg,spider+monkey_10163.jpg,spider+monkey_10088.jpg,spider+monkey_10289.jpg,spider+monkey_10089.jpg,spider+monkey_10276.jpg,spider+monkey_10036.jpg,spider+monkey_10282.jpg,spider+monkey_10267.jpg,spider+monkey_10076.jpg,spider+monkey_10055.jpg,spider+monkey_10073.jpg,spider+monkey_10027.jpg,spider+monkey_10062.jpg,spider+monkey_10066.jpg,spider+monkey_10283.jpg,spider+monkey_10039.jpg,spider+monkey_10170.jpg,spider+monkey_10079.jpg,spider+monkey_10147.jpg,spider+monkey_10285.jpg,spider+monkey_10158.jpg
collie,collie_10791.jpg,collie_10232.jpg,collie_10001.jpg,collie_10897.jpg,collie_10159.jpg,collie_10603.jpg,collie_10564.jpg,collie_10484.jpg,collie_10514.jpg,collie_10430.jpg,collie_10956.jpg,collie_10965.jpg,collie_10964.jpg,collie_10478.jpg,collie_10915.jpg,collie_10708.jpg,collie_10056.jpg,collie_10887.jpg,collie_10974.jpg,collie_10705.jpg,collie_10145.jpg,collie_10037.jpg,collie_10103.jpg,collie_10983.jpg,collie_10874.jpg,collie_10086.jpg,collie_10012.jpg,collie_10518.jpg,collie_10606.jpg,collie_10487.jpg,collie_10063.jpg,collie_10334.jpg,collie_10262.jpg,collie_10183.jpg,collie_10939.jpg,collie_10223.jpg,collie_10458.jpg,collie_10221.jpg,collie_10723.jpg,collie_10531.jpg
seal,seal_10614.jpg,seal_10719.jpg,seal_10875.jpg,seal_10812.jpg,seal_10309.jpg,seal_10409.jpg,seal_10652.jpg,seal_10431.jpg,seal_10962.jpg,seal_10860.jpg,seal_10904.jpg,seal_10815.jpg,seal_10013.jpg,seal_10088.jpg,seal_10216.jpg,seal_10326.jpg,seal_10030.jpg,seal_10148.jpg,seal_10788.jpg,seal_10841.jpg,seal_10485.jpg,seal_10897.jpg,seal_10267.jpg,seal_10244.jpg,seal_10525.jpg,seal_10827.jpg,seal_10109.jpg,seal_10454.jpg,seal_10804.jpg,seal_10363.jpg,seal_10384.jpg,seal_10403.jpg,seal_10836.jpg,seal_10106.jpg,seal_10120.jpg,seal_10777.jpg,seal_10068.jpg,seal_10137.jpg,seal_10288.jpg,seal_10732.jpg
mouse,mouse_10042.jpg,mouse_10140.jpg,mouse_10085.jpg,mouse_10156.jpg,mouse_10026.jpg,mouse_10130.jpg,mouse_10051.jpg,mouse_10076.jpg,mouse_10060.jpg,mouse_10170.jpg,mouse_10004.jpg,mouse_10136.jpg,mouse_10182.jpg,mouse_10116.jpg,mouse_10041.jpg,mouse_10014.jpg,mouse_10010.jpg,mouse_10149.jpg,mouse_10096.jpg,mouse_10124.jpg,mouse_10121.jpg,mouse_10165.jpg,mouse_10135.jpg,mouse_10066.jpg,mouse_10019.jpg,mouse_10122.jpg,mouse_10064.jpg,mouse_10113.jpg,mouse_10081.jpg,mouse_10072.jpg,mouse_10084.jpg,mouse_10155.jpg,mouse_10100.jpg,mouse_10185.jpg,mouse_10102.jpg,mouse_10095.jpg,mouse_10087.jpg,mouse_10049.jpg,mouse_10171.jpg,mouse_10184.jpg
beaver,beaver_10098.jpg,beaver_10165.jpg,beaver_10107.jpg,beaver_10066.jpg,beaver_10002.jpg,beaver_10017.jpg,beaver_10084.jpg,beaver_10028.jpg,beaver_10073.jpg,beaver_10080.jpg,beaver_10132.jpg,beaver_10071.jpg,beaver_10145.jpg,beaver_10094.jpg,beaver_10102.jpg,beaver_10086.jpg,beaver_10018.jpg,beaver_10091.jpg,beaver_10166.jpg,beaver_10143.jpg,beaver_10058.jpg,beaver_10179.jpg,beaver_10168.jpg,beaver_10059.jpg,beaver_10055.jpg,beaver_10160.jpg,beaver_10162.jpg,beaver_10096.jpg,beaver_10054.jpg,beaver_10030.jpg,beaver_10069.jpg,beaver_10012.jpg,beaver_10193.jpg,beaver_10105.jpg,beaver_10025.jpg,beaver_10036.jpg,beaver_10093.jpg,beaver_10034.jpg,beaver_10170.jpg,beaver_10004.jpg
wolf,wolf_10079.jpg,wolf_10410.jpg,wolf_10222.jpg,wolf_10463.jpg,wolf_10190.jpg,wolf_10075.jpg,wolf_10435.jpg,wolf_10508.jpg,wolf_10118.jpg,wolf_10440.jpg,wolf_10417.jpg,wolf_10235.jpg,wolf_10004.jpg,wolf_10210.jpg,wolf_10045.jpg,wolf_10462.jpg,wolf_10027.jpg,wolf_10103.jpg,wolf_10429.jpg,wolf_10232.jpg,wolf_10068.jpg,wolf_10580.jpg,wolf_10016.jpg,wolf_10161.jpg,wolf_10201.jpg,wolf_10098.jpg,wolf_10490.jpg,wolf_10498.jpg,wolf_10239.jpg,wolf_10167.jpg,wolf_10109.jpg,wolf_10328.jpg,wolf_10425.jpg,wolf_10585.jpg,wolf_10311.jpg,wolf_10335.jpg,wolf_10024.jpg,wolf_10063.jpg,wolf_10454.jpg,wolf_10052.jpg
chimpanzee,chimpanzee_10078.jpg,chimpanzee_10450.jpg,chimpanzee_10185.jpg,chimpanzee_10206.jpg,chimpanzee_10457.jpg,chimpanzee_10626.jpg,chimpanzee_10262.jpg,chimpanzee_10723.jpg,chimpanzee_10377.jpg,chimpanzee_10049.jpg,chimpanzee_10240.jpg,chimpanzee_10686.jpg,chimpanzee_10237.jpg,chimpanzee_10546.jpg,chimpanzee_10307.jpg,chimpanzee_10646.jpg,chimpanzee_10667.jpg,chimpanzee_10393.jpg,chimpanzee_10541.jpg,chimpanzee_10334.jpg,chimpanzee_10225.jpg,chimpanzee_10439.jpg,chimpanzee_10166.jpg,chimpanzee_10330.jpg,chimpanzee_10471.jpg,chimpanzee_10107.jpg,chimpanzee_10586.jpg,chimpanzee_10538.jpg,chimpanzee_10516.jpg,chimpanzee_10201.jpg,chimpanzee_10370.jpg,chimpanzee_10146.jpg,chimpanzee_10571.jpg,chimpanzee_10312.jpg,chimpanzee_10031.jpg,chimpanzee_10573.jpg,chimpanzee_10691.jpg,chimpanzee_10217.jpg,chimpanzee_10183.jpg,chimpanzee_10503.jpg
grizzly+bear,grizzly+bear_10748.jpg,grizzly+bear_10381.jpg,grizzly+bear_10255.jpg,grizzly+bear_10483.jpg,grizzly+bear_10086.jpg,grizzly+bear_10641.jpg,grizzly+bear_10467.jpg,grizzly+bear_10011.jpg,grizzly+bear_10625.jpg,grizzly+bear_10162.jpg,grizzly+bear_10413.jpg,grizzly+bear_10733.jpg,grizzly+bear_10363.jpg,grizzly+bear_10275.jpg,grizzly+bear_10108.jpg,grizzly+bear_10425.jpg,grizzly+bear_10550.jpg,grizzly+bear_10449.jpg,grizzly+bear_10591.jpg,grizzly+bear_10668.jpg,grizzly+bear_10804.jpg,grizzly+bear_10107.jpg,grizzly+bear_10301.jpg,grizzly+bear_10436.jpg,grizzly+bear_10812.jpg,grizzly+bear_10487.jpg,grizzly+bear_10221.jpg,grizzly+bear_10414.jpg,grizzly+bear_10237.jpg,grizzly+bear_10177.jpg,grizzly+bear_10581.jpg,grizzly+bear_10423.jpg,grizzly+bear_10009.jpg,grizzly+bear_10154.jpg,grizzly+bear_10847.jpg,grizzly+bear_10233.jpg,grizzly+bear_10621.jpg,grizzly+bear_10514.jpg,grizzly+bear_10040.jpg,grizzly+bear_10023.jpg
buffalo,buffalo_10803.jpg,buffalo_10358.jpg,buffalo_10541.jpg,buffalo_10533.jpg,buffalo_10122.jpg,buffalo_10605.jpg,buffalo_10683.jpg,buffalo_10215.jpg,buffalo_10696.jpg,buffalo_10037.jpg,buffalo_10279.jpg,buffalo_10465.jpg,buffalo_10359.jpg,buffalo_10198.jpg,buffalo_10843.jpg,buffalo_10012.jpg,buffalo_10098.jpg,buffalo_10196.jpg,buffalo_10258.jpg,buffalo_10245.jpg,buffalo_10384.jpg,buffalo_10445.jpg,buffalo_10256.jpg,buffalo_10295.jpg,buffalo_10821.jpg,buffalo_10663.jpg,buffalo_10421.jpg,buffalo_10768.jpg,buffalo_10324.jpg,buffalo_10232.jpg,buffalo_10294.jpg,buffalo_10473.jpg,buffalo_10869.jpg,buffalo_10075.jpg,buffalo_10382.jpg,buffalo_10544.jpg,buffalo_10622.jpg,buffalo_10772.jpg,buffalo_10884.jpg,buffalo_10104.jpg
bobcat,bobcat_10236.jpg,bobcat_10607.jpg,bobcat_10290.jpg,bobcat_10351.jpg,bobcat_10051.jpg,bobcat_10193.jpg,bobcat_10303.jpg,bobcat_10511.jpg,bobcat_10186.jpg,bobcat_10167.jpg,bobcat_10145.jpg,bobcat_10425.jpg,bobcat_10568.jpg,bobcat_10300.jpg,bobcat_10064.jpg,bobcat_10317.jpg,bobcat_10235.jpg,bobcat_10295.jpg,bobcat_10344.jpg,bobcat_10450.jpg,bobcat_10561.jpg,bobcat_10413.jpg,bobcat_10592.jpg,bobcat_10549.jpg,bobcat_10571.jpg,bobcat_10184.jpg,bobcat_10268.jpg,bobcat_10025.jpg,bobcat_10003.jpg,bobcat_10056.jpg,bobcat_10156.jpg,bobcat_10083.jpg,bobcat_10414.jpg,bobcat_10443.jpg,bobcat_10420.jpg,bobcat_10101.jpg,bobcat_10340.jpg,bobcat_10045.jpg,bobcat_10530.jpg,bobcat_10023.jpg
rabbit,rabbit_11010.jpg,rabbit_10033.jpg,rabbit_10265.jpg,rabbit_10960.jpg,rabbit_10514.jpg,rabbit_10830.jpg,rabbit_10542.jpg,rabbit_10603.jpg,rabbit_11051.jpg,rabbit_10187.jpg,rabbit_10417.jpg,rabbit_10857.jpg,rabbit_10932.jpg,rabbit_10695.jpg,rabbit_11030.jpg,rabbit_10619.jpg,rabbit_10834.jpg,rabbit_10726.jpg,rabbit_10586.jpg,rabbit_10697.jpg,rabbit_10300.jpg,rabbit_10596.jpg,rabbit_10826.jpg,rabbit_10252.jpg,rabbit_10274.jpg,rabbit_10144.jpg,rabbit_11077.jpg,rabbit_10613.jpg,rabbit_10505.jpg,rabbit_10129.jpg,rabbit_10217.jpg,rabbit_10192.jpg,rabbit_10984.jpg,rabbit_10728.jpg,rabbit_10414.jpg,rabbit_10944.jpg,rabbit_10876.jpg,rabbit_10792.jpg,rabbit_10287.jpg,rabbit_10959.jpg
bat,bat_10185.jpg,bat_10241.jpg,bat_10258.jpg,bat_10332.jpg,bat_10103.jpg,bat_10013.jpg,bat_10006.jpg,bat_10139.jpg,bat_10016.jpg,bat_10322.jpg,bat_10167.jpg,bat_10117.jpg,bat_10226.jpg,bat_10146.jpg,bat_10156.jpg,bat_10002.jpg,bat_10217.jpg,bat_10324.jpg,bat_10248.jpg,bat_10288.jpg,bat_10304.jpg,bat_10181.jpg,bat_10132.jpg,bat_10056.jpg,bat_10239.jpg,bat_10318.jpg,bat_10128.jpg,bat_10293.jpg,bat_10335.jpg,bat_10107.jpg,bat_10071.jpg,bat_10225.jpg,bat_10369.jpg,bat_10267.jpg,bat_10009.jpg,bat_10303.jpg,bat_10017.jpg,bat_10148.jpg,bat_10023.jpg,bat_10164.jpg
weasel,weasel_10135.jpg,weasel_10209.jpg,weasel_10041.jpg,weasel_10198.jpg,weasel_10094.jpg,weasel_10263.jpg,weasel_10120.jpg,weasel_10101.jpg,weasel_10053.jpg,weasel_10074.jpg,weasel_10133.jpg,weasel_10138.jpg,weasel_10151.jpg,weasel_10106.jpg,weasel_10222.jpg,weasel_10170.jpg,weasel_10257.jpg,weasel_10118.jpg,weasel_10005.jpg,weasel_10033.jpg,weasel_10242.jpg,weasel_10178.jpg,weasel_10149.jpg,weasel_10115.jpg,weasel_10019.jpg,weasel_10268.jpg,weasel_10055.jpg,weasel_10014.jpg,weasel_10192.jpg,weasel_10164.jpg,weasel_10258.jpg,weasel_10256.jpg,weasel_10085.jpg,weasel_10141.jpg,weasel_10121.jpg,weasel_10092.jpg,weasel_10013.jpg,weasel_10059.jpg,weasel_10011.jpg,weasel_10109.jpg
walrus,walrus_10129.jpg,walrus_10140.jpg,walrus_10151.jpg,walrus_10034.jpg,walrus_10040.jpg,walrus_10137.jpg,walrus_10158.jpg,walrus_10123.jpg,walrus_10192.jpg,walrus_10185.jpg,walrus_10180.jpg,walrus_10014.jpg,walrus_10094.jpg,walrus_10149.jpg,walrus_10052.jpg,walrus_10067.jpg,walrus_10084.jpg,walrus_10173.jpg,walrus_10092.jpg,walrus_10037.jpg,walrus_10068.jpg,walrus_10148.jpg,walrus_10182.jpg,walrus_10124.jpg,walrus_10042.jpg,walrus_10116.jpg,walrus_10169.jpg,walrus_10002.jpg,walrus_10017.jpg,walrus_10143.jpg,walrus_10214.jpg,walrus_10118.jpg,walrus_10022.jpg,walrus_10035.jpg,walrus_10101.jpg,walrus_10197.jpg,walrus_10046.jpg,walrus_10025.jpg,walrus_10162.jpg,walrus_10041.jpg
mole,mole_10089.jpg,mole_10006.jpg,mole_10042.jpg,mole_10029.jpg,mole_10098.jpg,mole_10033.jpg,mole_10060.jpg,mole_10040.jpg,mole_10028.jpg,mole_10093.jpg,mole_10010.jpg,mole_10045.jpg,mole_10091.jpg,mole_10095.jpg,mole_10075.jpg,mole_10058.jpg,mole_10059.jpg,mole_10080.jpg,mole_10007.jpg,mole_10024.jpg,mole_10046.jpg,mole_10066.jpg,mole_10081.jpg,mole_10009.jpg,mole_10067.jpg,mole_10087.jpg,mole_10090.jpg,mole_10020.jpg,mole_10096.jpg,mole_10064.jpg,mole_10001.jpg,mole_10057.jpg,mole_10019.jpg,mole_10052.jpg,mole_10035.jpg,mole_10021.jpg,mole_10076.jpg,mole_10043.jpg,mole_10044.jpg,mole_10082.jpg
horse,horse_11611.jpg,horse_11382.jpg,horse_10137.jpg,horse_10266.jpg,horse_10624.jpg,horse_11036.jpg,horse_11640.jpg,horse_11403.jpg,horse_10057.jpg,horse_10247.jpg,horse_10355.jpg,horse_10234.jpg,horse_11581.jpg,horse_10813.jpg,horse_10909.jpg,horse_10126.jpg,horse_10349.jpg,horse_11004.jpg,horse_10892.jpg,horse_10458.jpg,horse_11103.jpg,horse_11201.jpg,horse_10869.jpg,horse_10546.jpg,horse_11540.jpg,horse_10985.jpg,horse_11150.jpg,horse_10848.jpg,horse_10752.jpg,horse_10955.jpg,horse_10202.jpg,horse_11169.jpg,horse_10223.jpg,horse_10272.jpg,horse_10967.jpg,horse_10735.jpg,horse_10306.jpg,horse_11109.jpg,horse_10645.jpg,horse_10771.jpg
skunk,skunk_10025.jpg,skunk_10095.jpg,skunk_10099.jpg,skunk_10071.jpg,skunk_10126.jpg,skunk_10079.jpg,skunk_10030.jpg,skunk_10171.jpg,skunk_10037.jpg,skunk_10022.jpg,skunk_10120.jpg,skunk_10127.jpg,skunk_10142.jpg,skunk_10084.jpg,skunk_10021.jpg,skunk_10098.jpg,skunk_10056.jpg,skunk_10091.jpg,skunk_10185.jpg,skunk_10118.jpg,skunk_10066.jpg,skunk_10173.jpg,skunk_10166.jpg,skunk_10043.jpg,skunk_10032.jpg,skunk_10100.jpg,skunk_10143.jpg,skunk_10108.jpg,skunk_10001.jpg,skunk_10006.jpg,skunk_10075.jpg,skunk_10112.jpg,skunk_10150.jpg,skunk_10016.jpg,skunk_10011.jpg,skunk_10081.jpg,skunk_10141.jpg,skunk_10054.jpg,skunk_10134.jpg,skunk_10123.jpg
german+shepherd,german+shepherd_10308.jpg,german+shepherd_10600.jpg,german+shepherd_10204.jpg,german+shepherd_10460.jpg,german+shepherd_10618.jpg,german+shepherd_10872.jpg,german+shepherd_10699.jpg,german+shepherd_10407.jpg,german+shepherd_10560.jpg,german+shepherd_10562.jpg,german+shepherd_11009.jpg,german+shepherd_10323.jpg,german+shepherd_10393.jpg,german+shepherd_10110.jpg,german+shepherd_10413.jpg,german+shepherd_10715.jpg,german+shepherd_10094.jpg,german+shepherd_10187.jpg,german+shepherd_10051.jpg,german+shepherd_10940.jpg,german+shepherd_11024.jpg,german+shepherd_10285.jpg,german+shepherd_10854.jpg,german+shepherd_10155.jpg,german+shepherd_10793.jpg,german+shepherd_11023.jpg,german+shepherd_10681.jpg,german+shepherd_10257.jpg,german+shepherd_10792.jpg,german+shepherd_10443.jpg,german+shepherd_10274.jpg,german+shepherd_10849.jpg,german+shepherd_10397.jpg,german+shepherd_10762.jpg,german+shepherd_10018.jpg,german+shepherd_10020.jpg,german+shepherd_10878.jpg,german+shepherd_11021.jpg,german+shepherd_10270.jpg,german+shepherd_10537.jpg
squirrel,squirrel_10496.jpg,squirrel_10307.jpg,squirrel_10357.jpg,squirrel_11127.jpg,squirrel_10754.jpg,squirrel_10477.jpg,squirrel_10512.jpg,squirrel_10041.jpg,squirrel_10845.jpg,squirrel_11044.jpg,squirrel_11137.jpg,squirrel_11097.jpg,squirrel_10262.jpg,squirrel_10576.jpg,squirrel_10562.jpg,squirrel_10416.jpg,squirrel_10438.jpg,squirrel_11156.jpg,squirrel_10707.jpg,squirrel_10969.jpg,squirrel_11011.jpg,squirrel_10352.jpg,squirrel_10978.jpg,squirrel_10080.jpg,squirrel_10815.jpg,squirrel_10920.jpg,squirrel_10780.jpg,squirrel_10205.jpg,squirrel_10869.jpg,squirrel_10082.jpg,squirrel_10700.jpg,squirrel_10934.jpg,squirrel_10117.jpg,squirrel_11064.jpg,squirrel_10903.jpg,squirrel_11197.jpg,squirrel_10234.jpg,squirrel_10248.jpg,squirrel_10052.jpg,squirrel_11143.jpg
cow,cow_10297.jpg,cow_10324.jpg,cow_11106.jpg,cow_11257.jpg,cow_10652.jpg,cow_10896.jpg,cow_10141.jpg,cow_10622.jpg,cow_10558.jpg,cow_10544.jpg,cow_10846.jpg,cow_10632.jpg,cow_10755.jpg,cow_10173.jpg,cow_10306.jpg,cow_11139.jpg,cow_10680.jpg,cow_11187.jpg,cow_11126.jpg,cow_10936.jpg,cow_10287.jpg,cow_10331.jpg,cow_10207.jpg,cow_10393.jpg,cow_10823.jpg,cow_10710.jpg,cow_10166.jpg,cow_10399.jpg,cow_10813.jpg,cow_10299.jpg,cow_10548.jpg,cow_11065.jpg,cow_10684.jpg,cow_10599.jpg,cow_11149.jpg,cow_10276.jpg,cow_11049.jpg,cow_11075.jpg,cow_10855.jpg,cow_10169.jpg
deer,deer_10229.jpg,deer_10871.jpg,deer_10040.jpg,deer_10462.jpg,deer_10767.jpg,deer_10822.jpg,deer_11194.jpg,deer_11243.jpg,deer_10882.jpg,deer_10478.jpg,deer_10949.jpg,deer_10869.jpg,deer_11289.jpg,deer_10974.jpg,deer_10089.jpg,deer_10115.jpg,deer_10434.jpg,deer_10387.jpg,deer_10728.jpg,deer_11212.jpg,deer_10358.jpg,deer_10750.jpg,deer_10637.jpg,deer_10562.jpg,deer_10431.jpg,deer_10590.jpg,deer_10477.jpg,deer_10918.jpg,deer_10875.jpg,deer_11220.jpg,deer_11173.jpg,deer_11255.jpg,deer_11216.jpg,deer_11238.jpg,deer_10361.jpg,deer_11277.jpg,deer_10038.jpg,deer_10843.jpg,deer_11075.jpg,deer_11269.jpg
lion,lion_10668.jpg,lion_10230.jpg,lion_10680.jpg,lion_10055.jpg,lion_10636.jpg,lion_10835.jpg,lion_10118.jpg,lion_10377.jpg,lion_10622.jpg,lion_10365.jpg,lion_10278.jpg,lion_10685.jpg,lion_10041.jpg,lion_10935.jpg,lion_10243.jpg,lion_10527.jpg,lion_10955.jpg,lion_10717.jpg,lion_10546.jpg,lion_10180.jpg,lion_10924.jpg,lion_10645.jpg,lion_10898.jpg,lion_10617.jpg,lion_10610.jpg,lion_10907.jpg,lion_10138.jpg,lion_10993.jpg,lion_10800.jpg,lion_10920.jpg,lion_10555.jpg,lion_10385.jpg,lion_10584.jpg,lion_10497.jpg,lion_10361.jpg,lion_10318.jpg,lion_10602.jpg,lion_10983.jpg,lion_10524.jpg,lion_10109.jpg
elephant,elephant_10742.jpg,elephant_10883.jpg,elephant_10283.jpg,elephant_10930.jpg,elephant_10689.jpg,elephant_10083.jpg,elephant_10451.jpg,elephant_10392.jpg,elephant_10374.jpg,elephant_10757.jpg,elephant_10305.jpg,elephant_10971.jpg,elephant_10814.jpg,elephant_10845.jpg,elephant_10820.jpg,elephant_10358.jpg,elephant_10032.jpg,elephant_10667.jpg,elephant_10360.jpg,elephant_10097.jpg,elephant_10636.jpg,elephant_10301.jpg,elephant_10955.jpg,elephant_11000.jpg,elephant_10528.jpg,elephant_10896.jpg,elephant_10737.jpg,elephant_10120.jpg,elephant_10769.jpg,elephant_10031.jpg,elephant_10908.jpg,elephant_10584.jpg,elephant_10293.jpg,elephant_10542.jpg,elephant_10285.jpg,elephant_10090.jpg,elephant_10779.jpg,elephant_10944.jpg,elephant_10466.jpg,elephant_10460.jpg
