hippopotamus,hippopotamus_10300.jpg,hippopotamus_10548.jpg,hippopotamus_10008.jpg,hippopotamus_10376.jpg,hippopotamus_10609.jpg,hippopotamus_10073.jpg,hippopotamus_10477.jpg,hippopotamus_10532.jpg,hippopotamus_10105.jpg,hippopotamus_10585.jpg
gorilla,gorilla_10217.jpg,gorilla_10576.jpg,gorilla_10786.jpg,gorilla_10317.jpg,gorilla_10035.jpg,gorilla_10510.jpg,gorilla_10789.jpg,gorilla_10095.jpg,gorilla_10145.jpg,gorilla_10168.jpg
rhinoceros,rhinoceros_10488.jpg,rhinoceros_10569.jpg,rhinoceros_10202.jpg,rhinoceros_10161.jpg,rhinoceros_10493.jpg,rhinoceros_10211.jpg,rhinoceros_10506.jpg,rhinoceros_10668.jpg,rhinoceros_10300.jpg,rhinoceros_10424.jpg
raccoon,raccoon_10423.jpg,raccoon_10105.jpg,raccoon_10230.jpg,raccoon_10347.jpg,raccoon_10506.jpg,raccoon_10225.jpg,raccoon_10113.jpg,raccoon_10338.jpg,raccoon_10325.jpg,raccoon_10339.jpg
humpback+whale,humpback+whale_10465.jpg,humpback+whale_10398.jpg,humpback+whale_10391.jpg,humpback+whale_10089.jpg,humpback+whale_10566.jpg,humpback+whale_10371.jpg,humpback+whale_10041.jpg,humpback+whale_10615.jpg,humpback+whale_10383.jpg,humpback+whale_10541.jpg
killer+whale,killer+whale_10029.jpg,killer+whale_10061.jpg,killer+whale_10171.jpg,killer+whale_10208.jpg,killer+whale_10266.jpg,killer+whale_10181.jpg,killer+whale_10016.jpg,killer+whale_10282.jpg,killer+whale_10140.jpg,killer+whale_10159.jpg
pig,pig_10395.jpg,pig_10150.jpg,pig_10116.jpg,pig_10613.jpg,pig_10309.jpg,pig_10366.jpg,pig_10023.jpg,pig_10675.jpg,pig_10064.jpg,pig_10349.jpg
giant+panda,giant+panda_10788.jpg,giant+panda_10735.jpg,giant+panda_10014.jpg,giant+panda_10380.jpg,giant+panda_10585.jpg,giant+panda_10451.jpg,giant+panda_10762.jpg,giant+panda_10527.jpg,giant+panda_10080.jpg,giant+panda_10734.jpg
dalmatian,dalmatian_10454.jpg,dalmatian_10531.jpg,dalmatian_10034.jpg,dalmatian_10284.jpg,dalmatian_10185.jpg,dalmatian_10172.jpg,dalmatian_10358.jpg,dalmatian_10351.jpg,dalmatian_10283.jpg,dalmatian_10248.jpg
moose,moose_10693.jpg,moose_10429.jpg,moose_10304.jpg,moose_10418.jpg,moose_10699.jpg,moose_10201.jpg,moose_10238.jpg,moose_10167.jpg,moose_10264.jpg,moose_10268.jpg
antelope,antelope_10655.jpg,antelope_10135.jpg,antelope_10444.jpg,antelope_10384.jpg,antelope_10424.jpg,antelope_10140.jpg,antelope_10964.jpg,antelope_10616.jpg,antelope_10621.jpg,antelope_10205.jpg
persian+cat,persian+cat_10283.jpg,persian+cat_10634.jpg,persian+cat_10647.jpg,persian+cat_10490.jpg,persian+cat_10375.jpg,persian+cat_10527.jpg,persian+cat_10317.jpg,persian+cat_10404.jpg,persian+cat_10429.jpg,persian+cat_10055.jpg
siamese+cat,siamese+cat_10057.jpg,siamese+cat_10283.jpg,siamese+cat_10305.jpg,siamese+cat_10300.jpg,siamese+cat_10083.jpg,siamese+cat_10066.jpg,siamese+cat_10497.jpg,siamese+cat_10085.jpg,siamese+cat_10037.jpg,siamese+cat_10485.jpg
fox,fox_10541.jpg,fox_10134.jpg,fox_10227.jpg,fox_10466.jpg,fox_10550.jpg,fox_10083.jpg,fox_10104.jpg,fox_10260.jpg,fox_10306.jpg,fox_10533.jpg
dolphin,dolphin_10656.jpg,dolphin_10333.jpg,dolphin_10819.jpg,dolphin_10322.jpg,dolphin_10321.jpg,dolphin_10402.jpg,dolphin_10244.jpg,dolphin_10004.jpg,dolphin_10001.jpg,dolphin_10353.jpg
polar+bear,polar+bear_10417.jpg,polar+bear_10103.jpg,polar+bear_10689.jpg,polar+bear_10042.jpg,polar+bear_10158.jpg,polar+bear_10430.jpg,polar+bear_10841.jpg,polar+bear_10541.jpg,polar+bear_10052.jpg,polar+bear_10705.jpg
giraffe,giraffe_10521.jpg,giraffe_11064.jpg,giraffe_10376.jpg,giraffe_10558.jpg,giraffe_10727.jpg,giraffe_10441.jpg,giraffe_10440.jpg,giraffe_10885.jpg,giraffe_11112.jpg,giraffe_10478.jpg
zebra,zebra_11023.jpg,zebra_10854.jpg,zebra_10913.jpg,zebra_10989.jpg,zebra_10762.jpg,zebra_10990.jpg,zebra_10362.jpg,zebra_10041.jpg,zebra_10731.jpg,zebra_10622.jpg
leopard,leopard_10017.jpg,leopard_10265.jpg,leopard_10263.jpg,leopard_10056.jpg,leopard_10433.jpg,leopard_10555.jpg,leopard_10317.jpg,leopard_10191.jpg,leopard_10245.jpg,leopard_10629.jpg
blue+whale,blue+whale_10083.jpg,blue+whale_10021.jpg,blue+whale_10005.jpg,blue+whale_10071.jpg,blue+whale_10010.jpg,blue+whale_10079.jpg,blue+whale_10064.jpg,blue+whale_10073.jpg,blue+whale_10078.jpg,blue+whale_10101.jpg
chihuahua,chihuahua_10467.jpg,chihuahua_10141.jpg,chihuahua_10239.jpg,chihuahua_10204.jpg,chihuahua_10088.jpg,chihuahua_10562.jpg,chihuahua_10489.jpg,chihuahua_10285.jpg,chihuahua_10429.jpg,chihuahua_10051.jpg
sheep,sheep_11081.jpg,sheep_11097.jpg,sheep_11031.jpg,sheep_11261.jpg,sheep_11418.jpg,sheep_11117.jpg,sheep_10362.jpg,sheep_10012.jpg,sheep_10104.jpg,sheep_11077.jpg
hamster,hamster_10212.jpg,hamster_10560.jpg,hamster_10131.jpg,hamster_10281.jpg,hamster_10624.jpg,hamster_10407.jpg,hamster_10643.jpg,hamster_10433.jpg,hamster_10019.jpg,hamster_10666.jpg
ox,ox_10385.jpg,ox_10454.jpg,ox_10673.jpg,ox_10293.jpg,ox_10391.jpg,ox_10359.jpg,ox_10345.jpg,ox_10426.jpg,ox_10280.jpg,ox_10232.jpg
tiger,tiger_10801.jpg,tiger_10257.jpg,tiger_10797.jpg,tiger_10342.jpg,tiger_10491.jpg,tiger_10809.jpg,tiger_10560.jpg,tiger_10870.jpg,tiger_10592.jpg,tiger_10221.jpg
rat,rat_10190.jpg,rat_10169.jpg,rat_10096.jpg,rat_10205.jpg,rat_10206.jpg,rat_10161.jpg,rat_10293.jpg,rat_10042.jpg,rat_10220.jpg,rat_10146.jpg
otter,otter_10030.jpg,otter_10489.jpg,otter_10600.jpg,otter_10426.jpg,otter_10167.jpg,otter_10710.jpg,otter_10609.jpg,otter_10747.jpg,otter_10277.jpg,otter_10397.jpg
spider+monkey,spider+monkey_10083.jpg,spider+monkey_10223.jpg,spider+monkey_10265.jpg,spider+monkey_10098.jpg,spider+monkey_10103.jpg,spider+monkey_10003.jpg,spider+monkey_10162.jpg,spider+monkey_10039.jpg,spider+monkey_10033.jpg,spider+monkey_10217.jpg
collie,collie_10271.jpg,collie_10605.jpg,collie_10362.jpg,collie_10050.jpg,collie_10695.jpg,collie_10794.jpg,collie_10932.jpg,collie_11009.jpg,collie_10080.jpg,collie_10087.jpg
seal,seal_10357.jpg,seal_10209.jpg,seal_10248.jpg,seal_10170.jpg,seal_10029.jpg,seal_10111.jpg,seal_10435.jpg,seal_10359.jpg,seal_10310.jpg,seal_10363.jpg
mouse,mouse_10065.jpg,mouse_10154.jpg,mouse_10034.jpg,mouse_10089.jpg,mouse_10048.jpg,mouse_10161.jpg,mouse_10053.jpg,mouse_10141.jpg,mouse_10158.jpg,mouse_10087.jpg
beaver,beaver_10109.jpg,beaver_10189.jpg,beaver_10007.jpg,beaver_10107.jpg,beaver_10119.jpg,beaver_10043.jpg,beaver_10046.jpg,beaver_10118.jpg,beaver_10077.jpg,beaver_10188.jpg
wolf,wolf_10404.jpg,wolf_10429.jpg,wolf_10501.jpg,wolf_10283.jpg,wolf_10018.jpg,wolf_10327.jpg,wolf_10364.jpg,wolf_10278.jpg,wolf_10325.jpg,wolf_10293.jpg
chimpanzee,chimpanzee_10092.jpg,chimpanzee_10353.jpg,chimpanzee_10014.jpg,chimpanzee_10239.jpg,chimpanzee_10278.jpg,chimpanzee_10076.jpg,chimpanzee_10517.jpg,chimpanzee_10710.jpg,chimpanzee_10059.jpg,chimpanzee_10699.jpg
grizzly+bear,grizzly+bear_10670.jpg,grizzly+bear_10801.jpg,grizzly+bear_10204.jpg,grizzly+bear_10713.jpg,grizzly+bear_10203.jpg,grizzly+bear_10398.jpg,grizzly+bear_10617.jpg,grizzly+bear_10258.jpg,grizzly+bear_10266.jpg,grizzly+bear_10090.jpg
buffalo,buffalo_10657.jpg,buffalo_10383.jpg,buffalo_10672.jpg,buffalo_10420.jpg,buffalo_10515.jpg,buffalo_10103.jpg,buffalo_10619.jpg,buffalo_10321.jpg,buffalo_10197.jpg,buffalo_10532.jpg
bobcat,bobcat_10386.jpg,bobcat_10110.jpg,bobcat_10461.jpg,bobcat_10292.jpg,bobcat_10435.jpg,bobcat_10510.jpg,bobcat_10535.jpg,bobcat_10195.jpg,bobcat_10472.jpg,bobcat_10338.jpg
rabbit,rabbit_11018.jpg,rabbit_10621.jpg,rabbit_10625.jpg,rabbit_10390.jpg,rabbit_10071.jpg,rabbit_10126.jpg,rabbit_10887.jpg,rabbit_10475.jpg,rabbit_10865.jpg,rabbit_10920.jpg
bat,bat_10300.jpg,bat_10308.jpg,bat_10203.jpg,bat_10141.jpg,bat_10067.jpg,bat_10354.jpg,bat_10340.jpg,bat_10313.jpg,bat_10052.jpg,bat_10119.jpg
weasel,weasel_10004.jpg,weasel_10227.jpg,weasel_10086.jpg,weasel_10076.jpg,weasel_10037.jpg,weasel_10155.jpg,weasel_10132.jpg,weasel_10035.jpg,weasel_10215.jpg,weasel_10021.jpg
walrus,walrus_10162.jpg,walrus_10163.jpg,walrus_10209.jpg,walrus_10036.jpg,walrus_10025.jpg,walrus_10031.jpg,walrus_10071.jpg,walrus_10147.jpg,walrus_10054.jpg,walrus_10153.jpg
mole,mole_10062.jpg,mole_10039.jpg,mole_10009.jpg,mole_10047.jpg,mole_10040.jpg,mole_10087.jpg,mole_10007.jpg,mole_10094.jpg,mole_10088.jpg,mole_10076.jpg
horse,horse_10234.jpg,horse_10894.jpg,horse_11141.jpg,horse_10090.jpg,horse_10232.jpg,horse_10353.jpg,horse_10857.jpg,horse_11283.jpg,horse_10794.jpg,horse_11338.jpg
skunk,skunk_10031.jpg,skunk_10056.jpg,skunk_10104.jpg,skunk_10138.jpg,skunk_10175.jpg,skunk_10147.jpg,skunk_10162.jpg,skunk_10074.jpg,skunk_10058.jpg,skunk_10040.jpg
german+shepherd,german+shepherd_10402.jpg,german+shepherd_11018.jpg,german+shepherd_10091.jpg,german+shepherd_10717.jpg,german+shepherd_10811.jpg,german+shepherd_10404.jpg,german+shepherd_10833.jpg,german+shepherd_10365.jpg,german+shepherd_10481.jpg,german+shepherd_10259.jpg
squirrel,squirrel_10846.jpg,squirrel_10474.jpg,squirrel_10155.jpg,squirrel_11198.jpg,squirrel_10078.jpg,squirrel_11060.jpg,squirrel_10187.jpg,squirrel_10431.jpg,squirrel_10708.jpg,squirrel_10012.jpg
cow,cow_10754.jpg,cow_11160.jpg,cow_10666.jpg,cow_10776.jpg,cow_10870.jpg,cow_10375.jpg,cow_10577.jpg,cow_10941.jpg,cow_10697.jpg,cow_10532.jpg
deer,deer_10004.jpg,deer_10331.jpg,deer_10680.jpg,deer_10909.jpg,deer_10278.jpg,deer_11244.jpg,deer_10160.jpg,deer_10284.jpg,deer_11150.jpg,deer_10749.jpg
lion,lion_10996.jpg,lion_10756.jpg,lion_10185.jpg,lion_10926.jpg,lion_10455.jpg,lion_10310.jpg,lion_10045.jpg,lion_10287.jpg,lion_10886.jpg,lion_10755.jpg
elephant,elephant_10638.jpg,elephant_10840.jpg,elephant_10377.jpg,elephant_10633.jpg,elephant_10669.jpg,elephant_10235.jpg,elephant_10870.jpg,elephant_10437.jpg,elephant_10191.jpg,elephant_10918.jpg
