1,[,0,.,0,4,,, ,0,.,0,2,,, ,0,.,0,2,,, ,0,.,0,2,,, ,0,.,0,2,,, ,0,.,0,2,,, ,0,.,0,2,,, ,0,.,0,6,,, ,0,.,0,4,,, ,0,.,0,2,,, ,0,.,0,2,,, ,0,.,0,,, ,0,.,0,,, ,0,.,0,,, ,0,.,0,2,,, ,0,.,0,2,,, ,0,.,0,,, ,0,.,0,,, ,0,.,0,2,,, ,0,.,0,2,,, ,0,.,0,6,,, ,0,.,0,,, ,0,.,0,,, ,0,.,0,,, ,0,.,0,6,,, ,0,.,0,2,,, ,0,.,0,6,,, ,0,.,0,2,,, ,0,.,0,,, ,0,.,0,2,]
2,[,0,.,0,,, ,0,.,0,,, ,0,.,0,2,,, ,0,.,0,2,,, ,0,.,0,2,,, ,0,.,0,2,,, ,0,.,0,4,,, ,0,.,0,2,,, ,0,.,0,2,,, ,0,.,0,,, ,0,.,0,2,,, ,0,.,0,6,,, ,0,.,0,,, ,0,.,0,2,,, ,0,.,0,4,,, ,0,.,0,2,,, ,0,.,0,2,,, ,0,.,0,6,,, ,0,.,0,4,,, ,0,.,0,2,,, ,0,.,0,4,,, ,0,.,0,4,,, ,0,.,0,2,,, ,0,.,0,,, ,0,.,0,4,,, ,0,.,0,2,,, ,0,.,0,2,,, ,0,.,0,2,,, ,0,.,0,4,,, ,0,.,0,2,]
3,[,0,.,0,4,,, ,0,.,0,4,,, ,0,.,0,4,,, ,0,.,0,2,,, ,0,.,0,6,,, ,0,.,0,,, ,0,.,0,,, ,0,.,0,4,,, ,0,.,0,2,,, ,0,.,0,4,,, ,0,.,0,,, ,0,.,0,4,,, ,0,.,0,4,,, ,0,.,0,2,,, ,0,.,0,,, ,0,.,0,2,,, ,0,.,0,4,,, ,0,.,0,2,,, ,0,.,0,2,,, ,0,.,0,4,,, ,0,.,0,,, ,0,.,0,,, ,0,.,0,2,,, ,0,.,0,2,,, ,0,.,0,,, ,0,.,0,2,,, ,0,.,0,4,,, ,0,.,0,,, ,0,.,0,4,,, ,0,.,0,4,]
4,[,0,.,0,2,,, ,0,.,0,4,,, ,0,.,0,2,,, ,0,.,0,4,,, ,0,.,0,2,,, ,0,.,0,,, ,0,.,0,2,,, ,0,.,0,,, ,0,.,0,2,,, ,0,.,0,2,,, ,0,.,0,,, ,0,.,0,,, ,0,.,0,4,,, ,0,.,0,2,,, ,0,.,0,4,,, ,0,.,0,,, ,0,.,0,,, ,0,.,0,,, ,0,.,0,8,,, ,0,.,0,,, ,0,.,0,2,,, ,0,.,0,2,,, ,0,.,0,2,,, ,0,.,0,4,,, ,0,.,0,2,,, ,0,.,0,2,,, ,0,.,0,4,,, ,0,.,0,4,,, ,0,.,0,2,,, ,0,.,0,4,]
5,[,0,.,0,8,,, ,0,.,0,2,,, ,0,.,0,2,,, ,0,.,0,,, ,0,.,0,4,,, ,0,.,0,2,,, ,0,.,0,,, ,0,.,0,,, ,0,.,0,2,,, ,0,.,0,,, ,0,.,0,2,,, ,0,.,0,,, ,0,.,0,4,,, ,0,.,0,2,,, ,0,.,0,2,,, ,0,.,0,,, ,0,.,1,,, ,0,.,0,2,,, ,0,.,1,,, ,0,.,0,2,,, ,0,.,0,2,,, ,0,.,0,2,,, ,0,.,0,6,,, ,0,.,0,4,,, ,0,.,0,4,,, ,0,.,0,6,,, ,0,.,0,6,,, ,0,.,0,6,,, ,0,.,0,2,,, ,0,.,0,2,]
6,[,0,.,0,2,,, ,0,.,0,2,,, ,0,.,0,4,,, ,0,.,0,,, ,0,.,0,4,,, ,0,.,0,2,,, ,0,.,0,,, ,0,.,0,4,,, ,0,.,0,6,,, ,0,.,0,6,,, ,0,.,0,4,,, ,0,.,0,4,,, ,0,.,0,4,,, ,0,.,0,2,,, ,0,.,0,4,,, ,0,.,0,6,,, ,0,.,0,,, ,0,.,0,8,,, ,0,.,0,,, ,0,.,0,4,,, ,0,.,0,6,,, ,0,.,0,,, ,0,.,0,2,,, ,0,.,0,4,,, ,0,.,0,4,,, ,0,.,0,2,,, ,0,.,0,2,,, ,0,.,0,4,,, ,0,.,0,2,,, ,0,.,0,2,]
7,[,0,.,0,,, ,0,.,0,4,,, ,0,.,0,4,,, ,0,.,0,2,,, ,0,.,0,4,,, ,0,.,0,8,,, ,0,.,0,4,,, ,0,.,0,2,,, ,0,.,0,,, ,0,.,0,4,,, ,0,.,0,,, ,0,.,0,,, ,0,.,0,2,,, ,0,.,0,2,,, ,0,.,0,2,,, ,0,.,0,4,,, ,0,.,0,4,,, ,0,.,0,2,,, ,0,.,0,2,,, ,0,.,0,6,,, ,0,.,0,2,,, ,0,.,0,4,,, ,0,.,0,4,,, ,0,.,0,8,,, ,0,.,0,2,,, ,0,.,0,2,,, ,0,.,0,6,,, ,0,.,0,6,,, ,0,.,0,2,,, ,0,.,0,2,]
8,[,0,.,0,4,,, ,0,.,0,6,,, ,0,.,0,2,,, ,0,.,0,2,,, ,0,.,0,6,,, ,0,.,0,2,,, ,0,.,0,4,,, ,0,.,0,,, ,0,.,0,6,,, ,0,.,0,6,,, ,0,.,1,,, ,0,.,0,6,,, ,0,.,0,2,,, ,0,.,0,,, ,0,.,1,,, ,0,.,0,6,,, ,0,.,0,,, ,0,.,0,2,,, ,0,.,0,6,,, ,0,.,0,4,,, ,0,.,0,,, ,0,.,0,6,,, ,0,.,0,8,,, ,0,.,0,4,,, ,0,.,1,,, ,0,.,0,6,,, ,0,.,0,6,,, ,0,.,0,6,,, ,0,.,0,2,,, ,0,.,0,6,]
9,[,0,.,0,4,,, ,0,.,0,,, ,0,.,0,2,,, ,0,.,0,6,,, ,0,.,0,6,,, ,0,.,0,6,,, ,0,.,0,4,,, ,0,.,0,2,,, ,0,.,0,4,,, ,0,.,0,4,,, ,0,.,0,2,,, ,0,.,0,4,,, ,0,.,0,2,,, ,0,.,0,8,,, ,0,.,0,4,,, ,0,.,0,2,,, ,0,.,0,4,,, ,0,.,0,4,,, ,0,.,0,6,,, ,0,.,1,,, ,0,.,0,2,,, ,0,.,0,4,,, ,0,.,0,4,,, ,0,.,0,6,,, ,0,.,0,2,,, ,0,.,0,6,,, ,0,.,0,6,,, ,0,.,0,,, ,0,.,0,6,,, ,0,.,0,]
10,[,0,.,0,2,,, ,0,.,0,4,,, ,0,.,0,8,,, ,0,.,0,4,,, ,0,.,0,8,,, ,0,.,0,4,,, ,0,.,1,,, ,0,.,0,2,,, ,0,.,0,4,,, ,0,.,0,6,,, ,0,.,0,4,,, ,0,.,0,6,,, ,0,.,0,4,,, ,0,.,0,6,,, ,0,.,0,6,,, ,0,.,0,2,,, ,0,.,0,8,,, ,0,.,0,4,,, ,0,.,1,4,,, ,0,.,0,6,,, ,0,.,0,,, ,0,.,1,,, ,0,.,0,4,,, ,0,.,0,2,,, ,0,.,0,2,,, ,0,.,0,4,,, ,0,.,0,6,,, ,0,.,0,,, ,0,.,0,2,,, ,0,.,0,]
11,[,0,.,0,,, ,0,.,0,,, ,0,.,0,,, ,0,.,0,6,,, ,0,.,0,,, ,0,.,0,4,,, ,0,.,0,6,,, ,0,.,0,4,,, ,0,.,0,,, ,0,.,0,6,,, ,0,.,0,4,,, ,0,.,1,4,,, ,0,.,0,4,,, ,0,.,1,,, ,0,.,0,8,,, ,0,.,0,4,,, ,0,.,0,8,,, ,0,.,0,6,,, ,0,.,0,2,,, ,0,.,0,6,,, ,0,.,0,4,,, ,0,.,0,,, ,0,.,0,6,,, ,0,.,0,8,,, ,0,.,0,6,,, ,0,.,0,4,,, ,0,.,0,2,,, ,0,.,0,6,,, ,0,.,0,8,,, ,0,.,0,6,]
12,[,0,.,1,,, ,0,.,0,6,,, ,0,.,1,,, ,0,.,0,8,,, ,0,.,0,2,,, ,0,.,0,6,,, ,0,.,0,,, ,0,.,0,4,,, ,0,.,0,,, ,0,.,0,4,,, ,0,.,0,2,,, ,0,.,0,2,,, ,0,.,0,8,,, ,0,.,0,8,,, ,0,.,0,6,,, ,0,.,0,,, ,0,.,0,4,,, ,0,.,0,4,,, ,0,.,0,2,,, ,0,.,0,4,,, ,0,.,1,6,,, ,0,.,0,8,,, ,0,.,0,8,,, ,0,.,0,2,,, ,0,.,0,8,,, ,0,.,0,6,,, ,0,.,1,2,,, ,0,.,0,8,,, ,0,.,0,2,,, ,0,.,0,4,]
13,[,0,.,0,8,,, ,0,.,0,6,,, ,0,.,0,8,,, ,0,.,0,6,,, ,0,.,0,2,,, ,0,.,0,2,,, ,0,.,0,8,,, ,0,.,1,,, ,0,.,0,8,,, ,0,.,0,6,,, ,0,.,0,2,,, ,0,.,0,4,,, ,0,.,0,6,,, ,0,.,0,8,,, ,0,.,0,2,,, ,0,.,0,4,,, ,0,.,0,6,,, ,0,.,0,4,,, ,0,.,0,2,,, ,0,.,0,2,,, ,0,.,0,6,,, ,0,.,0,8,,, ,0,.,0,6,,, ,0,.,0,,, ,0,.,0,4,,, ,0,.,0,2,,, ,0,.,0,8,,, ,0,.,0,8,,, ,0,.,0,2,,, ,0,.,0,6,]
14,[,0,.,1,,, ,0,.,0,8,,, ,0,.,0,8,,, ,0,.,0,2,,, ,0,.,0,4,,, ,0,.,0,4,,, ,0,.,0,2,,, ,0,.,0,6,,, ,0,.,0,4,,, ,0,.,0,8,,, ,0,.,0,6,,, ,0,.,1,,, ,0,.,0,6,,, ,0,.,0,8,,, ,0,.,1,,, ,0,.,1,2,,, ,0,.,0,8,,, ,0,.,0,6,,, ,0,.,0,8,,, ,0,.,1,,, ,0,.,1,2,,, ,0,.,0,6,,, ,0,.,0,8,,, ,0,.,0,4,,, ,0,.,0,4,,, ,0,.,1,2,,, ,0,.,0,4,,, ,0,.,1,,, ,0,.,1,,, ,0,.,0,8,]
15,[,0,.,1,,, ,0,.,1,6,,, ,0,.,1,4,,, ,0,.,1,,, ,0,.,0,8,,, ,0,.,0,6,,, ,0,.,0,6,,, ,0,.,1,,, ,0,.,0,4,,, ,0,.,0,4,,, ,0,.,1,2,,, ,0,.,1,2,,, ,0,.,0,6,,, ,0,.,1,4,,, ,0,.,0,2,,, ,0,.,0,4,,, ,0,.,0,6,,, ,0,.,1,2,,, ,0,.,0,6,,, ,0,.,1,2,,, ,0,.,1,2,,, ,0,.,1,6,,, ,0,.,0,6,,, ,0,.,1,4,,, ,0,.,1,2,,, ,0,.,0,8,,, ,0,.,0,8,,, ,0,.,1,,, ,0,.,0,4,,, ,0,.,0,2,]
16,[,0,.,0,2,,, ,0,.,0,2,,, ,0,.,0,6,,, ,0,.,0,8,,, ,0,.,0,6,,, ,0,.,0,8,,, ,0,.,1,6,,, ,0,.,0,6,,, ,0,.,1,,, ,0,.,1,,, ,0,.,0,2,,, ,0,.,0,6,,, ,0,.,1,4,,, ,0,.,1,4,,, ,0,.,1,8,,, ,0,.,1,6,,, ,0,.,1,,, ,0,.,1,8,,, ,0,.,0,8,,, ,0,.,0,6,,, ,0,.,1,2,,, ,0,.,0,4,,, ,0,.,1,2,,, ,0,.,0,2,,, ,0,.,1,,, ,0,.,1,4,,, ,0,.,0,6,,, ,0,.,1,,, ,0,.,0,6,,, ,0,.,1,4,]
17,[,0,.,1,2,,, ,0,.,1,4,,, ,0,.,1,2,,, ,0,.,1,8,,, ,0,.,1,4,,, ,0,.,0,4,,, ,0,.,1,,, ,0,.,0,6,,, ,0,.,0,6,,, ,0,.,0,8,,, ,0,.,1,8,,, ,0,.,0,4,,, ,0,.,1,2,,, ,0,.,0,8,,, ,0,.,0,6,,, ,0,.,1,2,,, ,0,.,1,6,,, ,0,.,0,8,,, ,0,.,1,,, ,0,.,0,6,,, ,0,.,0,6,,, ,0,.,0,8,,, ,0,.,1,,, ,0,.,0,4,,, ,0,.,1,2,,, ,0,.,1,,, ,0,.,1,2,,, ,0,.,1,2,,, ,0,.,1,2,,, ,0,.,0,6,]
18,[,0,.,0,4,,, ,0,.,0,8,,, ,0,.,1,4,,, ,0,.,0,6,,, ,0,.,1,,, ,0,.,0,8,,, ,0,.,0,6,,, ,0,.,0,6,,, ,0,.,1,,, ,0,.,3,,, ,0,.,0,8,,, ,0,.,1,2,,, ,0,.,1,2,,, ,0,.,1,2,,, ,0,.,1,4,,, ,0,.,1,,, ,0,.,2,,, ,0,.,2,4,,, ,0,.,1,,, ,0,.,0,8,,, ,0,.,1,2,,, ,0,.,1,2,,, ,0,.,1,6,,, ,0,.,1,6,,, ,0,.,0,,, ,0,.,1,6,,, ,0,.,0,2,,, ,0,.,1,8,,, ,0,.,1,4,,, ,0,.,0,4,]
19,[,0,.,2,,, ,0,.,1,,, ,0,.,0,8,,, ,0,.,1,4,,, ,0,.,0,4,,, ,0,.,1,2,,, ,0,.,1,2,,, ,0,.,1,2,,, ,0,.,0,8,,, ,0,.,1,2,,, ,0,.,1,,, ,0,.,1,,, ,0,.,1,2,,, ,0,.,2,4,,, ,0,.,1,2,,, ,0,.,1,8,,, ,0,.,0,8,,, ,0,.,1,,, ,0,.,1,,, ,0,.,1,2,,, ,0,.,2,2,,, ,0,.,0,,, ,0,.,1,,, ,0,.,1,2,,, ,0,.,2,,, ,0,.,1,,, ,0,.,0,8,,, ,0,.,1,2,,, ,0,.,1,2,,, ,0,.,0,6,]
20,[,0,.,1,2,,, ,0,.,0,4,,, ,0,.,2,6,,, ,0,.,0,6,,, ,0,.,1,,, ,0,.,0,8,,, ,0,.,1,6,,, ,0,.,1,8,,, ,0,.,1,8,,, ,0,.,0,4,,, ,0,.,1,4,,, ,0,.,1,2,,, ,0,.,1,6,,, ,0,.,2,,, ,0,.,2,,, ,0,.,1,6,,, ,0,.,1,6,,, ,0,.,1,6,,, ,0,.,1,4,,, ,0,.,0,8,,, ,0,.,1,8,,, ,0,.,1,4,,, ,0,.,1,6,,, ,0,.,1,,, ,0,.,1,2,,, ,0,.,1,2,,, ,0,.,1,4,,, ,0,.,2,,, ,0,.,1,6,,, ,0,.,1,4,]
21,[,0,.,2,,, ,0,.,1,2,,, ,0,.,2,8,,, ,0,.,1,8,,, ,0,.,2,4,,, ,0,.,1,4,,, ,0,.,1,6,,, ,0,.,0,8,,, ,0,.,2,2,,, ,0,.,1,6,,, ,0,.,1,,, ,0,.,1,,, ,0,.,1,8,,, ,0,.,1,6,,, ,0,.,1,,, ,0,.,1,,, ,0,.,1,4,,, ,0,.,1,4,,, ,0,.,1,4,,, ,0,.,2,,, ,0,.,1,6,,, ,0,.,1,8,,, ,0,.,2,2,,, ,0,.,1,2,,, ,0,.,1,2,,, ,0,.,2,,, ,0,.,1,6,,, ,0,.,1,2,,, ,0,.,0,6,,, ,0,.,1,]
22,[,0,.,1,2,,, ,0,.,1,8,,, ,0,.,1,8,,, ,0,.,1,8,,, ,0,.,1,8,,, ,0,.,2,4,,, ,0,.,1,,, ,0,.,1,6,,, ,0,.,1,6,,, ,0,.,1,4,,, ,0,.,0,,, ,0,.,1,8,,, ,0,.,1,6,,, ,0,.,2,,, ,0,.,1,2,,, ,0,.,2,2,,, ,0,.,1,6,,, ,0,.,2,6,,, ,0,.,1,8,,, ,0,.,1,4,,, ,0,.,1,,, ,0,.,1,,, ,0,.,1,2,,, ,0,.,1,8,,, ,0,.,2,4,,, ,0,.,2,2,,, ,0,.,2,,, ,0,.,1,4,,, ,0,.,0,6,,, ,0,.,1,6,]
23,[,0,.,1,2,,, ,0,.,1,4,,, ,0,.,1,4,,, ,0,.,1,4,,, ,0,.,1,6,,, ,0,.,1,,, ,0,.,2,,, ,0,.,1,4,,, ,0,.,1,,, ,0,.,2,,, ,0,.,0,8,,, ,0,.,2,2,,, ,0,.,1,6,,, ,0,.,1,6,,, ,0,.,1,,, ,0,.,1,2,,, ,0,.,2,,, ,0,.,2,,, ,0,.,1,4,,, ,0,.,1,6,,, ,0,.,2,,, ,0,.,2,6,,, ,0,.,0,8,,, ,0,.,1,2,,, ,0,.,1,8,,, ,0,.,2,,, ,0,.,1,2,,, ,0,.,1,6,,, ,0,.,1,6,,, ,0,.,1,6,]
24,[,0,.,2,6,,, ,0,.,2,4,,, ,0,.,2,2,,, ,0,.,2,2,,, ,0,.,2,4,,, ,0,.,1,4,,, ,0,.,1,8,,, ,0,.,2,4,,, ,0,.,1,8,,, ,0,.,2,2,,, ,0,.,2,8,,, ,0,.,2,8,,, ,0,.,1,2,,, ,0,.,1,4,,, ,0,.,1,8,,, ,0,.,2,,, ,0,.,1,6,,, ,0,.,2,,, ,0,.,2,8,,, ,0,.,2,,, ,0,.,1,8,,, ,0,.,1,6,,, ,0,.,2,,, ,0,.,2,6,,, ,0,.,1,4,,, ,0,.,2,4,,, ,0,.,2,,, ,0,.,2,2,,, ,0,.,1,8,,, ,0,.,1,6,]
25,[,0,.,2,8,,, ,0,.,1,8,,, ,0,.,2,,, ,0,.,1,8,,, ,0,.,2,8,,, ,0,.,1,4,,, ,0,.,2,,, ,0,.,2,,, ,0,.,2,2,,, ,0,.,1,4,,, ,0,.,3,6,,, ,0,.,2,,, ,0,.,2,2,,, ,0,.,2,2,,, ,0,.,2,2,,, ,0,.,2,4,,, ,0,.,1,8,,, ,0,.,1,4,,, ,0,.,1,8,,, ,0,.,3,,, ,0,.,3,,, ,0,.,1,4,,, ,0,.,2,,, ,0,.,2,6,,, ,0,.,1,,, ,0,.,2,2,,, ,0,.,2,2,,, ,0,.,2,4,,, ,0,.,1,8,,, ,0,.,0,6,]
26,[,0,.,1,6,,, ,0,.,2,6,,, ,0,.,2,,, ,0,.,2,6,,, ,0,.,1,4,,, ,0,.,1,6,,, ,0,.,2,4,,, ,0,.,2,,, ,0,.,1,8,,, ,0,.,3,,, ,0,.,2,2,,, ,0,.,2,,, ,0,.,3,,, ,0,.,1,8,,, ,0,.,1,4,,, ,0,.,2,,, ,0,.,1,2,,, ,0,.,2,2,,, ,0,.,1,4,,, ,0,.,2,6,,, ,0,.,1,6,,, ,0,.,2,4,,, ,0,.,2,4,,, ,0,.,2,8,,, ,0,.,1,4,,, ,0,.,2,,, ,0,.,2,2,,, ,0,.,1,4,,, ,0,.,3,,, ,0,.,2,]
27,[,0,.,2,4,,, ,0,.,2,4,,, ,0,.,3,,, ,0,.,1,6,,, ,0,.,2,4,,, ,0,.,1,4,,, ,0,.,3,,, ,0,.,2,6,,, ,0,.,2,4,,, ,0,.,3,2,,, ,0,.,3,2,,, ,0,.,2,4,,, ,0,.,2,4,,, ,0,.,3,,, ,0,.,2,2,,, ,0,.,3,4,,, ,0,.,1,2,,, ,0,.,3,4,,, ,0,.,1,,, ,0,.,1,8,,, ,0,.,3,8,,, ,0,.,2,,, ,0,.,3,2,,, ,0,.,2,,, ,0,.,1,8,,, ,0,.,1,6,,, ,0,.,1,6,,, ,0,.,2,2,,, ,0,.,2,6,,, ,0,.,1,8,]
28,[,0,.,2,4,,, ,0,.,2,4,,, ,0,.,3,4,,, ,0,.,4,6,,, ,0,.,1,8,,, ,0,.,1,8,,, ,0,.,2,2,,, ,0,.,3,,, ,0,.,1,2,,, ,0,.,2,6,,, ,0,.,2,2,,, ,0,.,2,4,,, ,0,.,2,8,,, ,0,.,4,,, ,0,.,2,8,,, ,0,.,2,,, ,0,.,2,2,,, ,0,.,3,2,,, ,0,.,2,8,,, ,0,.,2,4,,, ,0,.,2,2,,, ,0,.,2,,, ,0,.,4,,, ,0,.,2,4,,, ,0,.,2,8,,, ,0,.,2,2,,, ,0,.,3,6,,, ,0,.,2,4,,, ,0,.,1,6,,, ,0,.,2,4,]
29,[,0,.,1,2,,, ,0,.,3,6,,, ,0,.,2,,, ,0,.,0,8,,, ,0,.,2,8,,, ,0,.,3,2,,, ,0,.,2,,, ,0,.,3,4,,, ,0,.,1,8,,, ,0,.,2,2,,, ,0,.,3,2,,, ,0,.,3,2,,, ,0,.,2,6,,, ,0,.,2,8,,, ,0,.,3,6,,, ,0,.,3,4,,, ,0,.,2,8,,, ,0,.,2,,, ,0,.,3,,, ,0,.,2,6,,, ,0,.,2,4,,, ,0,.,2,2,,, ,0,.,2,8,,, ,0,.,1,8,,, ,0,.,3,6,,, ,0,.,4,4,,, ,0,.,2,8,,, ,0,.,2,4,,, ,0,.,2,4,,, ,0,.,4,4,]
30,[,0,.,3,8,,, ,0,.,4,,, ,0,.,2,6,,, ,0,.,3,2,,, ,0,.,2,8,,, ,0,.,3,2,,, ,0,.,1,2,,, ,0,.,2,4,,, ,0,.,4,,, ,0,.,3,8,,, ,0,.,2,2,,, ,0,.,2,8,,, ,0,.,3,6,,, ,0,.,2,2,,, ,0,.,2,8,,, ,0,.,4,,, ,0,.,2,4,,, ,0,.,3,,, ,0,.,3,2,,, ,0,.,2,4,,, ,0,.,3,,, ,0,.,3,2,,, ,0,.,2,6,,, ,0,.,3,4,,, ,0,.,2,2,,, ,0,.,2,4,,, ,0,.,3,2,,, ,0,.,3,,, ,0,.,2,8,,, ,0,.,4,6,]
31,[,0,.,3,,, ,0,.,3,2,,, ,0,.,2,6,,, ,0,.,3,,, ,0,.,2,8,,, ,0,.,3,2,,, ,0,.,2,2,,, ,0,.,1,4,,, ,0,.,3,2,,, ,0,.,2,6,,, ,0,.,2,8,,, ,0,.,3,2,,, ,0,.,2,6,,, ,0,.,3,6,,, ,0,.,2,6,,, ,0,.,1,6,,, ,0,.,3,4,,, ,0,.,3,6,,, ,0,.,3,6,,, ,0,.,4,,, ,0,.,2,6,,, ,0,.,2,4,,, ,0,.,2,4,,, ,0,.,3,4,,, ,0,.,2,,, ,0,.,3,,, ,0,.,3,2,,, ,0,.,3,8,,, ,0,.,3,6,,, ,0,.,3,2,]
32,[,0,.,3,6,,, ,0,.,2,2,,, ,0,.,2,4,,, ,0,.,2,8,,, ,0,.,2,4,,, ,0,.,2,8,,, ,0,.,2,6,,, ,0,.,3,2,,, ,0,.,2,,, ,0,.,2,6,,, ,0,.,2,,, ,0,.,2,6,,, ,0,.,2,8,,, ,0,.,3,2,,, ,0,.,2,2,,, ,0,.,2,8,,, ,0,.,3,2,,, ,0,.,3,,, ,0,.,2,2,,, ,0,.,3,8,,, ,0,.,4,,, ,0,.,2,6,,, ,0,.,3,4,,, ,0,.,3,6,,, ,0,.,2,4,,, ,0,.,4,,, ,0,.,3,,, ,0,.,2,2,,, ,0,.,2,2,,, ,0,.,3,2,]
33,[,0,.,3,4,,, ,0,.,3,,, ,0,.,3,8,,, ,0,.,3,4,,, ,0,.,3,6,,, ,0,.,3,2,,, ,0,.,3,4,,, ,0,.,3,8,,, ,0,.,3,6,,, ,0,.,2,6,,, ,0,.,3,8,,, ,0,.,3,,, ,0,.,3,2,,, ,0,.,3,6,,, ,0,.,2,6,,, ,0,.,3,2,,, ,0,.,2,6,,, ,0,.,3,6,,, ,0,.,4,,, ,0,.,4,4,,, ,0,.,3,2,,, ,0,.,4,4,,, ,0,.,2,6,,, ,0,.,3,6,,, ,0,.,3,8,,, ,0,.,3,,, ,0,.,3,8,,, ,0,.,4,,, ,0,.,3,,, ,0,.,4,4,]
34,[,0,.,3,8,,, ,0,.,3,6,,, ,0,.,2,6,,, ,0,.,3,6,,, ,0,.,3,4,,, ,0,.,3,4,,, ,0,.,4,4,,, ,0,.,2,2,,, ,0,.,5,2,,, ,0,.,3,2,,, ,0,.,3,6,,, ,0,.,3,4,,, ,0,.,3,8,,, ,0,.,3,6,,, ,0,.,5,,, ,0,.,4,4,,, ,0,.,3,4,,, ,0,.,3,6,,, ,0,.,4,4,,, ,0,.,4,2,,, ,0,.,4,4,,, ,0,.,2,6,,, ,0,.,5,2,,, ,0,.,4,,, ,0,.,4,8,,, ,0,.,3,,, ,0,.,4,2,,, ,0,.,5,6,,, ,0,.,5,2,,, ,0,.,3,6,]
35,[,0,.,5,4,,, ,0,.,3,,, ,0,.,4,2,,, ,0,.,5,4,,, ,0,.,3,8,,, ,0,.,4,8,,, ,0,.,3,,, ,0,.,3,6,,, ,0,.,4,,, ,0,.,4,2,,, ,0,.,4,,, ,0,.,3,2,,, ,0,.,6,,, ,0,.,4,4,,, ,0,.,4,2,,, ,0,.,4,4,,, ,0,.,3,2,,, ,0,.,3,2,,, ,0,.,4,,, ,0,.,4,4,,, ,0,.,3,4,,, ,0,.,4,2,,, ,0,.,2,8,,, ,0,.,4,,, ,0,.,3,6,,, ,0,.,4,6,,, ,0,.,4,2,,, ,0,.,3,4,,, ,0,.,3,6,,, ,0,.,5,2,]
36,[,0,.,4,8,,, ,0,.,5,,, ,0,.,5,4,,, ,0,.,3,8,,, ,0,.,3,,, ,0,.,4,2,,, ,0,.,3,6,,, ,0,.,4,2,,, ,0,.,4,8,,, ,0,.,3,2,,, ,0,.,2,6,,, ,0,.,4,8,,, ,0,.,3,6,,, ,0,.,4,,, ,0,.,5,4,,, ,0,.,5,,, ,0,.,5,2,,, ,0,.,5,2,,, ,0,.,2,8,,, ,0,.,5,2,,, ,0,.,3,6,,, ,0,.,3,8,,, ,0,.,4,,, ,0,.,3,4,,, ,0,.,3,8,,, ,0,.,4,,, ,0,.,4,6,,, ,0,.,5,6,,, ,0,.,4,4,,, ,0,.,4,6,]
37,[,0,.,3,6,,, ,0,.,4,6,,, ,0,.,5,4,,, ,0,.,3,8,,, ,0,.,4,4,,, ,0,.,4,2,,, ,0,.,5,4,,, ,0,.,5,,, ,0,.,5,2,,, ,0,.,4,2,,, ,0,.,4,4,,, ,0,.,4,2,,, ,0,.,4,,, ,0,.,5,,, ,0,.,4,4,,, ,0,.,5,2,,, ,0,.,4,,, ,0,.,4,,, ,0,.,4,4,,, ,0,.,4,,, ,0,.,4,,, ,0,.,5,6,,, ,0,.,3,6,,, ,0,.,3,6,,, ,0,.,5,4,,, ,0,.,4,2,,, ,0,.,4,,, ,0,.,3,8,,, ,0,.,3,2,,, ,0,.,5,2,]
38,[,0,.,5,8,,, ,0,.,5,4,,, ,0,.,4,6,,, ,0,.,3,4,,, ,0,.,6,,, ,0,.,4,8,,, ,0,.,5,6,,, ,0,.,3,8,,, ,0,.,3,4,,, ,0,.,4,8,,, ,0,.,4,8,,, ,0,.,4,6,,, ,0,.,4,4,,, ,0,.,4,8,,, ,0,.,6,,, ,0,.,4,8,,, ,0,.,6,2,,, ,0,.,4,8,,, ,0,.,4,2,,, ,0,.,4,2,,, ,0,.,3,8,,, ,0,.,3,6,,, ,0,.,6,4,,, ,0,.,5,,, ,0,.,3,8,,, ,0,.,6,2,,, ,0,.,5,,, ,0,.,3,6,,, ,0,.,4,2,,, ,0,.,5,6,]
39,[,0,.,5,,, ,0,.,5,,, ,0,.,6,,, ,0,.,5,,, ,0,.,5,2,,, ,0,.,4,2,,, ,0,.,4,2,,, ,0,.,5,6,,, ,0,.,4,8,,, ,0,.,5,6,,, ,0,.,4,6,,, ,0,.,4,2,,, ,0,.,5,8,,, ,0,.,3,6,,, ,0,.,5,4,,, ,0,.,4,6,,, ,0,.,5,8,,, ,0,.,4,8,,, ,0,.,4,4,,, ,0,.,4,2,,, ,0,.,4,,, ,0,.,4,,, ,0,.,4,4,,, ,0,.,2,8,,, ,0,.,6,4,,, ,0,.,5,2,,, ,0,.,6,6,,, ,0,.,4,8,,, ,0,.,6,4,,, ,0,.,4,8,]
40,[,0,.,4,2,,, ,0,.,4,8,,, ,0,.,4,4,,, ,0,.,5,,, ,0,.,6,8,,, ,0,.,5,4,,, ,0,.,5,8,,, ,0,.,6,,, ,0,.,5,,, ,0,.,6,2,,, ,0,.,4,8,,, ,0,.,4,2,,, ,0,.,4,,, ,0,.,4,,, ,0,.,6,8,,, ,0,.,6,,, ,0,.,5,2,,, ,0,.,5,,, ,0,.,6,4,,, ,0,.,5,,, ,0,.,4,4,,, ,0,.,4,8,,, ,0,.,5,6,,, ,0,.,4,6,,, ,0,.,5,,, ,0,.,5,6,,, ,0,.,5,4,,, ,0,.,4,8,,, ,0,.,5,6,,, ,0,.,5,4,]
41,[,0,.,4,6,,, ,0,.,6,2,,, ,0,.,5,8,,, ,0,.,4,8,,, ,0,.,5,6,,, ,0,.,5,4,,, ,0,.,7,2,,, ,0,.,4,6,,, ,0,.,5,,, ,0,.,5,8,,, ,0,.,6,2,,, ,0,.,5,,, ,0,.,6,,, ,0,.,5,2,,, ,0,.,4,,, ,0,.,4,6,,, ,0,.,6,4,,, ,0,.,4,2,,, ,0,.,6,,, ,0,.,4,6,,, ,0,.,4,4,,, ,0,.,6,6,,, ,0,.,7,,, ,0,.,6,2,,, ,0,.,4,8,,, ,0,.,6,,, ,0,.,5,2,,, ,0,.,6,,, ,0,.,5,4,,, ,0,.,4,6,]
42,[,0,.,6,4,,, ,0,.,5,2,,, ,0,.,3,8,,, ,0,.,6,2,,, ,0,.,5,2,,, ,0,.,5,6,,, ,0,.,5,8,,, ,0,.,5,2,,, ,0,.,6,6,,, ,0,.,5,8,,, ,0,.,5,8,,, ,0,.,4,8,,, ,0,.,5,,, ,0,.,3,6,,, ,0,.,4,8,,, ,0,.,4,8,,, ,0,.,5,,, ,0,.,5,8,,, ,0,.,5,4,,, ,0,.,5,6,,, ,0,.,6,,, ,0,.,5,4,,, ,0,.,5,4,,, ,0,.,4,4,,, ,0,.,4,6,,, ,0,.,4,4,,, ,0,.,5,,, ,0,.,5,4,,, ,0,.,6,6,,, ,0,.,5,6,]
43,[,0,.,5,,, ,0,.,6,,, ,0,.,4,4,,, ,0,.,6,,, ,0,.,6,8,,, ,0,.,6,4,,, ,0,.,5,,, ,0,.,7,2,,, ,0,.,5,6,,, ,0,.,5,6,,, ,0,.,4,6,,, ,0,.,5,8,,, ,0,.,6,4,,, ,0,.,5,8,,, ,0,.,5,8,,, ,0,.,5,4,,, ,0,.,4,2,,, ,0,.,4,6,,, ,0,.,5,6,,, ,0,.,4,8,,, ,0,.,6,8,,, ,0,.,4,4,,, ,0,.,6,6,,, ,0,.,6,2,,, ,0,.,5,6,,, ,0,.,6,4,,, ,0,.,6,2,,, ,0,.,6,2,,, ,0,.,5,,, ,0,.,3,8,]
44,[,0,.,6,,, ,0,.,4,4,,, ,0,.,7,2,,, ,0,.,6,6,,, ,0,.,5,2,,, ,0,.,5,4,,, ,0,.,5,8,,, ,0,.,5,6,,, ,0,.,5,6,,, ,0,.,5,6,,, ,0,.,6,2,,, ,0,.,6,,, ,0,.,6,4,,, ,0,.,6,8,,, ,0,.,7,,, ,0,.,7,,, ,0,.,5,8,,, ,0,.,6,4,,, ,0,.,6,6,,, ,0,.,5,6,,, ,0,.,6,4,,, ,0,.,5,6,,, ,0,.,7,,, ,0,.,7,2,,, ,0,.,5,4,,, ,0,.,5,8,,, ,0,.,5,6,,, ,0,.,5,4,,, ,0,.,5,,, ,0,.,6,2,]
45,[,0,.,6,2,,, ,0,.,7,,, ,0,.,6,4,,, ,0,.,4,,, ,0,.,6,4,,, ,0,.,4,8,,, ,0,.,6,8,,, ,0,.,5,4,,, ,0,.,6,,, ,0,.,6,6,,, ,0,.,4,8,,, ,0,.,6,6,,, ,0,.,7,2,,, ,0,.,6,2,,, ,0,.,6,,, ,0,.,6,8,,, ,0,.,6,6,,, ,0,.,4,2,,, ,0,.,4,8,,, ,0,.,6,2,,, ,0,.,5,4,,, ,0,.,5,6,,, ,0,.,6,6,,, ,0,.,6,,, ,0,.,5,6,,, ,0,.,5,6,,, ,0,.,6,,, ,0,.,5,2,,, ,0,.,5,,, ,0,.,6,]
46,[,0,.,7,8,,, ,0,.,7,2,,, ,0,.,5,2,,, ,0,.,7,,, ,0,.,7,,, ,0,.,6,,, ,0,.,6,6,,, ,0,.,6,2,,, ,0,.,5,8,,, ,0,.,7,,, ,0,.,7,4,,, ,0,.,5,4,,, ,0,.,8,4,,, ,0,.,5,2,,, ,0,.,6,2,,, ,0,.,5,6,,, ,0,.,4,8,,, ,0,.,5,8,,, ,0,.,7,2,,, ,0,.,7,,, ,0,.,7,2,,, ,0,.,6,6,,, ,0,.,7,6,,, ,0,.,6,,, ,0,.,5,4,,, ,0,.,5,8,,, ,0,.,7,2,,, ,0,.,7,2,,, ,0,.,5,8,,, ,0,.,4,6,]
47,[,0,.,7,8,,, ,0,.,7,8,,, ,0,.,7,6,,, ,0,.,7,6,,, ,0,.,5,8,,, ,0,.,6,2,,, ,0,.,7,6,,, ,0,.,7,,, ,0,.,6,4,,, ,0,.,5,4,,, ,0,.,6,2,,, ,0,.,6,2,,, ,0,.,7,2,,, ,0,.,6,8,,, ,0,.,6,2,,, ,0,.,6,8,,, ,0,.,5,8,,, ,0,.,8,2,,, ,0,.,5,8,,, ,0,.,7,4,,, ,0,.,6,,, ,0,.,6,8,,, ,0,.,5,4,,, ,0,.,7,8,,, ,0,.,6,8,,, ,0,.,5,8,,, ,0,.,6,6,,, ,0,.,6,4,,, ,0,.,5,2,,, ,0,.,6,4,]
48,[,0,.,6,2,,, ,0,.,7,6,,, ,0,.,7,2,,, ,0,.,7,4,,, ,0,.,5,4,,, ,0,.,7,,, ,0,.,6,4,,, ,0,.,7,6,,, ,0,.,6,4,,, ,0,.,6,8,,, ,0,.,6,6,,, ,0,.,7,,, ,0,.,5,8,,, ,0,.,6,,, ,0,.,6,6,,, ,0,.,8,2,,, ,0,.,4,8,,, ,0,.,7,,, ,0,.,7,6,,, ,0,.,7,8,,, ,0,.,8,2,,, ,0,.,6,6,,, ,0,.,6,6,,, ,0,.,6,6,,, ,0,.,6,4,,, ,0,.,7,6,,, ,0,.,7,2,,, ,0,.,7,8,,, ,0,.,8,,, ,0,.,6,4,]
49,[,0,.,7,8,,, ,0,.,5,8,,, ,0,.,7,2,,, ,0,.,8,,, ,0,.,7,,, ,0,.,6,4,,, ,0,.,7,8,,, ,0,.,6,4,,, ,0,.,8,2,,, ,0,.,6,6,,, ,0,.,7,6,,, ,0,.,6,8,,, ,0,.,8,4,,, ,0,.,7,2,,, ,0,.,7,2,,, ,0,.,8,2,,, ,0,.,6,2,,, ,0,.,6,6,,, ,0,.,7,6,,, ,0,.,7,4,,, ,0,.,6,6,,, ,0,.,7,4,,, ,0,.,7,,, ,0,.,6,8,,, ,0,.,6,6,,, ,0,.,8,6,,, ,0,.,5,6,,, ,0,.,6,6,,, ,0,.,6,2,,, ,0,.,8,2,]
50,[,0,.,6,4,,, ,0,.,6,8,,, ,0,.,7,8,,, ,0,.,7,,, ,0,.,6,6,,, ,0,.,7,6,,, ,0,.,8,2,,, ,0,.,7,2,,, ,0,.,6,4,,, ,0,.,6,8,,, ,0,.,6,8,,, ,0,.,6,8,,, ,0,.,7,2,,, ,0,.,5,8,,, ,0,.,8,2,,, ,0,.,6,6,,, ,0,.,8,,, ,0,.,6,8,,, ,0,.,6,4,,, ,0,.,6,4,,, ,0,.,8,2,,, ,0,.,6,,, ,0,.,8,4,,, ,0,.,5,8,,, ,0,.,7,2,,, ,0,.,7,,, ,0,.,6,6,,, ,0,.,8,,, ,0,.,8,2,,, ,0,.,6,6,]
51,[,0,.,7,2,,, ,0,.,8,2,,, ,0,.,9,,, ,0,.,6,8,,, ,0,.,8,4,,, ,0,.,8,6,,, ,0,.,6,8,,, ,0,.,6,8,,, ,0,.,7,8,,, ,0,.,8,2,,, ,0,.,7,2,,, ,0,.,6,8,,, ,0,.,7,,, ,0,.,7,8,,, ,0,.,7,6,,, ,0,.,7,4,,, ,0,.,6,6,,, ,0,.,8,8,,, ,0,.,6,8,,, ,0,.,7,2,,, ,0,.,7,2,,, ,0,.,7,,, ,0,.,8,,, ,0,.,7,8,,, ,0,.,6,2,,, ,0,.,8,2,,, ,0,.,8,2,,, ,0,.,7,2,,, ,0,.,6,8,,, ,0,.,7,6,]
52,[,0,.,8,2,,, ,0,.,8,4,,, ,0,.,7,8,,, ,0,.,8,,, ,0,.,8,,, ,0,.,8,2,,, ,0,.,8,4,,, ,0,.,8,,, ,0,.,7,2,,, ,0,.,5,2,,, ,0,.,7,,, ,0,.,8,2,,, ,0,.,8,,, ,0,.,7,,, ,0,.,8,4,,, ,0,.,7,6,,, ,0,.,7,4,,, ,0,.,8,2,,, ,0,.,8,,, ,0,.,7,2,,, ,0,.,8,6,,, ,0,.,8,,, ,0,.,8,4,,, ,0,.,6,6,,, ,0,.,8,4,,, ,0,.,7,6,,, ,0,.,8,4,,, ,0,.,7,6,,, ,0,.,6,4,,, ,0,.,7,]
53,[,0,.,8,,, ,0,.,8,6,,, ,0,.,6,6,,, ,0,.,7,,, ,0,.,8,4,,, ,0,.,8,6,,, ,0,.,8,2,,, ,0,.,8,6,,, ,0,.,7,8,,, ,0,.,7,2,,, ,0,.,7,,, ,0,.,7,,, ,0,.,7,6,,, ,0,.,7,6,,, ,0,.,6,2,,, ,0,.,8,,, ,0,.,8,4,,, ,0,.,8,,, ,0,.,6,8,,, ,0,.,8,2,,, ,0,.,7,2,,, ,0,.,7,4,,, ,0,.,8,,, ,0,.,6,8,,, ,0,.,7,8,,, ,0,.,7,8,,, ,0,.,8,2,,, ,0,.,7,,, ,0,.,8,,, ,0,.,7,4,]
54,[,0,.,6,8,,, ,0,.,8,,, ,0,.,8,4,,, ,0,.,5,8,,, ,0,.,8,8,,, ,0,.,7,4,,, ,0,.,8,,, ,0,.,8,,, ,0,.,7,6,,, ,0,.,8,,, ,0,.,8,,, ,0,.,8,,, ,0,.,7,,, ,0,.,7,8,,, ,0,.,8,2,,, ,0,.,8,,, ,0,.,8,4,,, ,0,.,8,8,,, ,0,.,7,6,,, ,0,.,9,4,,, ,0,.,7,8,,, ,0,.,8,2,,, ,0,.,8,,, ,0,.,7,6,,, ,0,.,9,,, ,0,.,7,4,,, ,0,.,8,2,,, ,0,.,8,8,,, ,0,.,7,8,,, ,0,.,8,4,]
55,[,0,.,7,8,,, ,0,.,7,4,,, ,0,.,7,8,,, ,0,.,7,,, ,0,.,8,4,,, ,0,.,8,2,,, ,0,.,8,4,,, ,0,.,8,,, ,0,.,7,4,,, ,0,.,8,4,,, ,0,.,8,4,,, ,0,.,7,8,,, ,0,.,8,6,,, ,0,.,7,8,,, ,0,.,7,,, ,0,.,7,6,,, ,0,.,7,8,,, ,0,.,8,4,,, ,0,.,8,8,,, ,0,.,6,2,,, ,0,.,8,8,,, ,0,.,8,4,,, ,0,.,7,4,,, ,0,.,8,6,,, ,0,.,7,,, ,0,.,9,,, ,0,.,6,6,,, ,0,.,8,4,,, ,0,.,7,4,,, ,0,.,8,4,]
56,[,0,.,9,,, ,0,.,8,4,,, ,0,.,8,8,,, ,0,.,9,,, ,0,.,8,8,,, ,0,.,9,4,,, ,0,.,7,8,,, ,1,.,0,,, ,0,.,6,6,,, ,0,.,8,,, ,0,.,8,4,,, ,0,.,7,8,,, ,0,.,7,4,,, ,0,.,8,6,,, ,0,.,8,4,,, ,0,.,8,4,,, ,0,.,8,8,,, ,0,.,8,2,,, ,0,.,9,2,,, ,0,.,8,6,,, ,0,.,8,4,,, ,0,.,7,6,,, ,0,.,8,,, ,0,.,8,8,,, ,0,.,8,,, ,0,.,8,8,,, ,0,.,8,4,,, ,0,.,7,2,,, ,0,.,8,,, ,0,.,8,6,]
57,[,0,.,8,2,,, ,0,.,8,4,,, ,0,.,7,2,,, ,0,.,8,4,,, ,0,.,7,4,,, ,0,.,8,,, ,0,.,8,2,,, ,0,.,7,6,,, ,0,.,7,6,,, ,0,.,7,6,,, ,0,.,8,,, ,0,.,8,6,,, ,0,.,9,4,,, ,0,.,8,6,,, ,0,.,8,,, ,0,.,8,8,,, ,0,.,8,4,,, ,0,.,8,2,,, ,0,.,8,4,,, ,0,.,9,,, ,0,.,7,4,,, ,0,.,9,,, ,0,.,8,4,,, ,0,.,8,2,,, ,0,.,9,,, ,0,.,8,6,,, ,0,.,8,8,,, ,0,.,9,,, ,0,.,8,8,,, ,0,.,9,6,]
58,[,0,.,9,6,,, ,0,.,8,6,,, ,0,.,8,4,,, ,0,.,7,8,,, ,0,.,7,6,,, ,0,.,8,6,,, ,0,.,8,6,,, ,0,.,8,,, ,0,.,9,4,,, ,0,.,9,,, ,0,.,8,4,,, ,1,.,0,,, ,0,.,9,,, ,0,.,9,8,,, ,0,.,8,6,,, ,0,.,8,,, ,0,.,9,,, ,0,.,8,,, ,0,.,9,2,,, ,0,.,8,,, ,0,.,9,,, ,0,.,9,2,,, ,0,.,8,4,,, ,0,.,7,8,,, ,0,.,9,8,,, ,0,.,8,4,,, ,0,.,9,2,,, ,0,.,9,4,,, ,0,.,8,8,,, ,0,.,8,2,]
59,[,0,.,9,4,,, ,0,.,9,,, ,0,.,9,6,,, ,0,.,9,6,,, ,0,.,8,8,,, ,0,.,9,2,,, ,0,.,7,6,,, ,0,.,9,2,,, ,0,.,9,,, ,0,.,9,6,,, ,0,.,8,4,,, ,0,.,8,6,,, ,0,.,8,2,,, ,0,.,8,6,,, ,0,.,8,6,,, ,0,.,7,8,,, ,0,.,8,,, ,0,.,7,8,,, ,0,.,9,2,,, ,0,.,7,,, ,0,.,8,2,,, ,0,.,8,8,,, ,0,.,8,2,,, ,0,.,8,4,,, ,0,.,9,2,,, ,0,.,9,4,,, ,0,.,9,2,,, ,0,.,9,,, ,0,.,8,,, ,0,.,9,4,]
60,[,0,.,9,4,,, ,0,.,8,6,,, ,0,.,8,4,,, ,0,.,9,,, ,0,.,9,6,,, ,0,.,9,2,,, ,0,.,9,,, ,0,.,9,4,,, ,0,.,9,,, ,0,.,8,6,,, ,0,.,8,8,,, ,0,.,9,,, ,0,.,9,,, ,0,.,9,,, ,0,.,9,2,,, ,0,.,9,8,,, ,0,.,8,2,,, ,0,.,8,4,,, ,0,.,8,6,,, ,0,.,8,8,,, ,0,.,9,2,,, ,0,.,9,4,,, ,0,.,8,4,,, ,0,.,8,6,,, ,0,.,9,,, ,0,.,8,4,,, ,0,.,9,,, ,0,.,9,4,,, ,0,.,8,8,,, ,0,.,8,4,]
61,[,0,.,9,4,,, ,0,.,8,4,,, ,0,.,9,6,,, ,0,.,9,4,,, ,0,.,8,6,,, ,0,.,9,4,,, ,0,.,9,6,,, ,0,.,8,6,,, ,0,.,9,4,,, ,0,.,8,8,,, ,0,.,9,,, ,0,.,9,4,,, ,0,.,9,,, ,0,.,7,8,,, ,0,.,9,,, ,0,.,8,8,,, ,0,.,9,2,,, ,0,.,9,8,,, ,0,.,9,,, ,0,.,8,8,,, ,0,.,9,4,,, ,0,.,8,2,,, ,0,.,8,6,,, ,0,.,9,2,,, ,0,.,8,8,,, ,0,.,9,2,,, ,0,.,8,4,,, ,0,.,9,2,,, ,0,.,8,6,,, ,0,.,8,6,]
62,[,0,.,9,2,,, ,0,.,9,6,,, ,0,.,9,4,,, ,0,.,8,4,,, ,0,.,9,4,,, ,0,.,7,8,,, ,0,.,9,,, ,0,.,8,6,,, ,0,.,9,,, ,0,.,9,2,,, ,0,.,9,6,,, ,0,.,9,,, ,0,.,7,4,,, ,0,.,9,4,,, ,0,.,8,8,,, ,0,.,8,6,,, ,0,.,9,4,,, ,0,.,8,8,,, ,0,.,8,8,,, ,0,.,9,,, ,0,.,9,6,,, ,0,.,8,8,,, ,0,.,9,2,,, ,0,.,8,2,,, ,0,.,9,,, ,0,.,8,8,,, ,0,.,9,,, ,0,.,9,8,,, ,0,.,9,4,,, ,0,.,8,6,]
63,[,0,.,9,4,,, ,0,.,9,,, ,0,.,9,2,,, ,0,.,8,,, ,0,.,9,2,,, ,0,.,9,4,,, ,0,.,8,6,,, ,0,.,8,8,,, ,0,.,7,6,,, ,0,.,9,4,,, ,0,.,9,6,,, ,0,.,9,8,,, ,0,.,9,2,,, ,0,.,9,8,,, ,0,.,8,6,,, ,0,.,8,,, ,0,.,9,6,,, ,0,.,8,8,,, ,1,.,0,,, ,0,.,9,8,,, ,0,.,9,4,,, ,0,.,9,2,,, ,0,.,9,8,,, ,0,.,8,6,,, ,0,.,9,,, ,0,.,8,4,,, ,0,.,9,,, ,0,.,8,8,,, ,0,.,8,8,,, ,0,.,8,6,]
64,[,0,.,9,,, ,0,.,9,8,,, ,0,.,9,2,,, ,0,.,9,8,,, ,0,.,9,2,,, ,0,.,9,2,,, ,0,.,9,6,,, ,0,.,9,6,,, ,0,.,9,,, ,1,.,0,,, ,0,.,8,8,,, ,0,.,8,8,,, ,0,.,9,4,,, ,0,.,9,,, ,0,.,9,8,,, ,0,.,9,,, ,0,.,9,2,,, ,0,.,8,8,,, ,0,.,8,8,,, ,0,.,8,6,,, ,0,.,9,,, ,0,.,8,6,,, ,0,.,8,8,,, ,0,.,9,2,,, ,0,.,9,,, ,0,.,8,6,,, ,0,.,9,4,,, ,0,.,9,,, ,0,.,9,8,,, ,0,.,9,6,]
65,[,0,.,9,4,,, ,0,.,8,4,,, ,0,.,9,,, ,0,.,8,8,,, ,0,.,9,,, ,0,.,9,2,,, ,0,.,9,6,,, ,0,.,8,4,,, ,0,.,9,,, ,0,.,9,4,,, ,0,.,9,4,,, ,0,.,9,2,,, ,0,.,9,6,,, ,0,.,9,2,,, ,0,.,8,8,,, ,0,.,9,2,,, ,0,.,9,8,,, ,0,.,9,8,,, ,0,.,8,8,,, ,0,.,9,,, ,0,.,9,2,,, ,0,.,8,8,,, ,1,.,0,,, ,0,.,9,4,,, ,0,.,8,4,,, ,0,.,9,8,,, ,0,.,9,2,,, ,0,.,9,,, ,0,.,8,8,,, ,0,.,9,4,]
66,[,0,.,9,2,,, ,0,.,9,4,,, ,0,.,9,4,,, ,0,.,9,2,,, ,0,.,8,6,,, ,0,.,9,4,,, ,0,.,9,6,,, ,0,.,9,8,,, ,0,.,9,6,,, ,0,.,9,4,,, ,0,.,9,4,,, ,0,.,9,,, ,0,.,8,8,,, ,0,.,9,2,,, ,0,.,9,6,,, ,0,.,9,6,,, ,0,.,9,6,,, ,0,.,9,,, ,0,.,9,4,,, ,0,.,9,6,,, ,0,.,9,,, ,0,.,9,4,,, ,0,.,9,6,,, ,0,.,9,8,,, ,1,.,0,,, ,0,.,8,4,,, ,0,.,8,4,,, ,0,.,9,,, ,0,.,9,4,,, ,0,.,9,2,]
67,[,0,.,8,8,,, ,0,.,9,6,,, ,0,.,9,6,,, ,0,.,9,6,,, ,0,.,9,4,,, ,0,.,9,4,,, ,0,.,9,6,,, ,0,.,9,8,,, ,0,.,9,6,,, ,0,.,9,2,,, ,0,.,8,6,,, ,0,.,9,8,,, ,0,.,9,2,,, ,0,.,9,8,,, ,0,.,9,6,,, ,0,.,8,8,,, ,0,.,8,8,,, ,0,.,9,2,,, ,0,.,9,4,,, ,0,.,9,,, ,0,.,9,6,,, ,0,.,9,6,,, ,0,.,8,8,,, ,0,.,9,6,,, ,0,.,9,4,,, ,0,.,9,,, ,0,.,9,6,,, ,0,.,9,6,,, ,0,.,9,6,,, ,0,.,9,]
68,[,0,.,9,4,,, ,0,.,9,6,,, ,0,.,9,6,,, ,0,.,9,,, ,0,.,9,8,,, ,0,.,9,8,,, ,0,.,9,8,,, ,0,.,9,8,,, ,0,.,9,4,,, ,0,.,9,2,,, ,0,.,9,8,,, ,0,.,8,4,,, ,0,.,9,6,,, ,0,.,9,4,,, ,0,.,9,6,,, ,0,.,8,8,,, ,0,.,9,8,,, ,0,.,9,6,,, ,1,.,0,,, ,0,.,9,8,,, ,0,.,9,8,,, ,0,.,9,8,,, ,0,.,9,6,,, ,0,.,8,8,,, ,0,.,9,8,,, ,1,.,0,,, ,0,.,9,2,,, ,0,.,9,6,,, ,0,.,9,6,,, ,0,.,9,4,]
69,[,0,.,9,6,,, ,1,.,0,,, ,0,.,9,4,,, ,0,.,9,6,,, ,0,.,9,4,,, ,0,.,9,6,,, ,0,.,9,4,,, ,1,.,0,,, ,1,.,0,,, ,0,.,9,6,,, ,1,.,0,,, ,0,.,9,8,,, ,1,.,0,,, ,0,.,9,4,,, ,0,.,9,6,,, ,0,.,9,2,,, ,1,.,0,,, ,1,.,0,,, ,0,.,9,8,,, ,0,.,9,4,,, ,0,.,9,6,,, ,0,.,9,2,,, ,0,.,9,6,,, ,0,.,9,6,,, ,0,.,9,8,,, ,0,.,9,6,,, ,0,.,9,8,,, ,0,.,9,4,,, ,0,.,9,6,,, ,0,.,9,]
70,[,0,.,9,8,,, ,1,.,0,,, ,0,.,9,4,,, ,0,.,9,4,,, ,0,.,9,4,,, ,1,.,0,,, ,0,.,9,8,,, ,0,.,9,8,,, ,0,.,9,2,,, ,0,.,9,6,,, ,1,.,0,,, ,0,.,9,6,,, ,0,.,9,2,,, ,0,.,9,,, ,1,.,0,,, ,0,.,9,8,,, ,0,.,9,,, ,1,.,0,,, ,0,.,9,,, ,0,.,9,2,,, ,0,.,9,6,,, ,0,.,8,8,,, ,0,.,9,6,,, ,0,.,9,8,,, ,0,.,9,6,,, ,0,.,9,4,,, ,0,.,9,8,,, ,0,.,9,4,,, ,0,.,8,4,,, ,1,.,0,]
71,[,0,.,9,4,,, ,0,.,9,,, ,1,.,0,,, ,0,.,9,8,,, ,0,.,9,4,,, ,0,.,9,,, ,1,.,0,,, ,0,.,9,6,,, ,1,.,0,,, ,0,.,9,4,,, ,1,.,0,,, ,0,.,9,4,,, ,0,.,9,8,,, ,1,.,0,,, ,1,.,0,,, ,0,.,9,6,,, ,0,.,9,2,,, ,1,.,0,,, ,0,.,9,8,,, ,0,.,9,4,,, ,1,.,0,,, ,0,.,9,8,,, ,1,.,0,,, ,0,.,9,2,,, ,1,.,0,,, ,0,.,9,8,,, ,1,.,0,,, ,0,.,9,6,,, ,0,.,9,8,,, ,0,.,9,6,]
72,[,0,.,9,8,,, ,0,.,9,8,,, ,0,.,9,8,,, ,0,.,9,6,,, ,0,.,9,8,,, ,1,.,0,,, ,0,.,9,8,,, ,0,.,9,4,,, ,0,.,9,8,,, ,0,.,9,8,,, ,0,.,9,,, ,0,.,9,6,,, ,1,.,0,,, ,0,.,9,8,,, ,0,.,9,6,,, ,1,.,0,,, ,1,.,0,,, ,1,.,0,,, ,0,.,9,8,,, ,1,.,0,,, ,1,.,0,,, ,1,.,0,,, ,1,.,0,,, ,0,.,9,8,,, ,0,.,9,6,,, ,0,.,9,8,,, ,0,.,9,8,,, ,0,.,9,6,,, ,1,.,0,,, ,0,.,9,8,]
73,[,1,.,0,,, ,0,.,9,8,,, ,1,.,0,,, ,0,.,9,,, ,0,.,9,4,,, ,0,.,9,8,,, ,0,.,9,2,,, ,0,.,9,6,,, ,1,.,0,,, ,0,.,9,8,,, ,1,.,0,,, ,1,.,0,,, ,0,.,9,6,,, ,0,.,9,8,,, ,0,.,9,8,,, ,1,.,0,,, ,1,.,0,,, ,0,.,9,8,,, ,0,.,9,6,,, ,1,.,0,,, ,0,.,9,6,,, ,0,.,9,6,,, ,1,.,0,,, ,1,.,0,,, ,1,.,0,,, ,1,.,0,,, ,0,.,9,6,,, ,1,.,0,,, ,0,.,9,4,,, ,1,.,0,]
74,[,0,.,9,6,,, ,0,.,9,4,,, ,0,.,9,4,,, ,0,.,9,4,,, ,0,.,9,8,,, ,1,.,0,,, ,0,.,9,4,,, ,0,.,9,8,,, ,0,.,9,8,,, ,0,.,9,6,,, ,0,.,9,8,,, ,0,.,9,6,,, ,0,.,9,6,,, ,1,.,0,,, ,1,.,0,,, ,1,.,0,,, ,0,.,9,8,,, ,0,.,9,8,,, ,1,.,0,,, ,1,.,0,,, ,1,.,0,,, ,1,.,0,,, ,1,.,0,,, ,1,.,0,,, ,0,.,8,8,,, ,0,.,9,8,,, ,0,.,9,6,,, ,1,.,0,,, ,1,.,0,,, ,0,.,9,6,]
75,[,0,.,9,8,,, ,0,.,9,8,,, ,0,.,9,8,,, ,1,.,0,,, ,1,.,0,,, ,1,.,0,,, ,0,.,9,4,,, ,0,.,9,8,,, ,0,.,9,4,,, ,0,.,9,4,,, ,0,.,9,4,,, ,0,.,9,6,,, ,1,.,0,,, ,0,.,9,8,,, ,0,.,9,6,,, ,1,.,0,,, ,0,.,9,8,,, ,0,.,9,4,,, ,1,.,0,,, ,0,.,9,8,,, ,0,.,9,6,,, ,0,.,9,8,,, ,0,.,9,2,,, ,1,.,0,,, ,1,.,0,,, ,0,.,9,6,,, ,0,.,9,6,,, ,0,.,9,,, ,1,.,0,,, ,1,.,0,]
76,[,0,.,9,8,,, ,1,.,0,,, ,0,.,9,2,,, ,1,.,0,,, ,1,.,0,,, ,0,.,9,8,,, ,1,.,0,,, ,0,.,9,6,,, ,1,.,0,,, ,1,.,0,,, ,1,.,0,,, ,0,.,9,6,,, ,1,.,0,,, ,1,.,0,,, ,1,.,0,,, ,0,.,9,8,,, ,1,.,0,,, ,0,.,9,8,,, ,1,.,0,,, ,1,.,0,,, ,1,.,0,,, ,0,.,9,6,,, ,1,.,0,,, ,0,.,9,8,,, ,0,.,9,6,,, ,1,.,0,,, ,0,.,9,8,,, ,0,.,9,4,,, ,1,.,0,,, ,0,.,9,6,]
77,[,0,.,9,8,,, ,1,.,0,,, ,1,.,0,,, ,1,.,0,,, ,0,.,9,8,,, ,0,.,9,8,,, ,1,.,0,,, ,1,.,0,,, ,0,.,9,4,,, ,1,.,0,,, ,1,.,0,,, ,1,.,0,,, ,0,.,9,8,,, ,1,.,0,,, ,1,.,0,,, ,0,.,9,6,,, ,0,.,9,6,,, ,0,.,9,6,,, ,1,.,0,,, ,1,.,0,,, ,0,.,9,8,,, ,0,.,9,8,,, ,1,.,0,,, ,0,.,9,8,,, ,0,.,9,6,,, ,0,.,9,8,,, ,0,.,9,8,,, ,0,.,9,6,,, ,1,.,0,,, ,1,.,0,]
78,[,0,.,9,6,,, ,0,.,9,6,,, ,0,.,9,6,,, ,0,.,9,8,,, ,0,.,9,8,,, ,1,.,0,,, ,1,.,0,,, ,1,.,0,,, ,1,.,0,,, ,1,.,0,,, ,0,.,9,8,,, ,1,.,0,,, ,1,.,0,,, ,0,.,9,8,,, ,0,.,9,8,,, ,1,.,0,,, ,1,.,0,,, ,1,.,0,,, ,1,.,0,,, ,1,.,0,,, ,0,.,9,6,,, ,1,.,0,,, ,1,.,0,,, ,0,.,9,6,,, ,1,.,0,,, ,1,.,0,,, ,1,.,0,,, ,1,.,0,,, ,0,.,9,6,,, ,1,.,0,]
79,[,1,.,0,,, ,1,.,0,,, ,0,.,9,6,,, ,0,.,9,8,,, ,1,.,0,,, ,0,.,9,8,,, ,0,.,9,4,,, ,1,.,0,,, ,0,.,9,6,,, ,0,.,9,8,,, ,1,.,0,,, ,0,.,9,8,,, ,0,.,9,8,,, ,0,.,9,2,,, ,1,.,0,,, ,1,.,0,,, ,1,.,0,,, ,1,.,0,,, ,1,.,0,,, ,1,.,0,,, ,0,.,9,6,,, ,1,.,0,,, ,1,.,0,,, ,1,.,0,,, ,1,.,0,,, ,0,.,9,,, ,0,.,9,8,,, ,1,.,0,,, ,1,.,0,,, ,1,.,0,]
80,[,1,.,0,,, ,0,.,9,6,,, ,0,.,9,8,,, ,0,.,9,6,,, ,0,.,9,8,,, ,1,.,0,,, ,1,.,0,,, ,1,.,0,,, ,1,.,0,,, ,1,.,0,,, ,1,.,0,,, ,0,.,9,8,,, ,1,.,0,,, ,0,.,9,8,,, ,1,.,0,,, ,1,.,0,,, ,0,.,9,8,,, ,0,.,9,8,,, ,0,.,9,6,,, ,1,.,0,,, ,0,.,9,8,,, ,0,.,9,2,,, ,1,.,0,,, ,0,.,9,6,,, ,1,.,0,,, ,0,.,9,8,,, ,1,.,0,,, ,1,.,0,,, ,1,.,0,,, ,0,.,9,8,]
81,[,0,.,9,8,,, ,1,.,0,,, ,1,.,0,,, ,1,.,0,,, ,1,.,0,,, ,1,.,0,,, ,1,.,0,,, ,0,.,9,8,,, ,1,.,0,,, ,1,.,0,,, ,0,.,9,6,,, ,1,.,0,,, ,0,.,9,6,,, ,1,.,0,,, ,1,.,0,,, ,1,.,0,,, ,1,.,0,,, ,0,.,9,8,,, ,1,.,0,,, ,0,.,9,8,,, ,1,.,0,,, ,1,.,0,,, ,0,.,9,8,,, ,0,.,9,2,,, ,1,.,0,,, ,1,.,0,,, ,0,.,9,8,,, ,0,.,9,4,,, ,1,.,0,,, ,1,.,0,]
82,[,1,.,0,,, ,1,.,0,,, ,0,.,9,6,,, ,1,.,0,,, ,0,.,9,8,,, ,0,.,9,6,,, ,1,.,0,,, ,1,.,0,,, ,1,.,0,,, ,1,.,0,,, ,0,.,9,6,,, ,1,.,0,,, ,1,.,0,,, ,1,.,0,,, ,0,.,9,8,,, ,1,.,0,,, ,0,.,9,6,,, ,0,.,9,8,,, ,1,.,0,,, ,0,.,9,8,,, ,0,.,9,8,,, ,1,.,0,,, ,0,.,9,8,,, ,1,.,0,,, ,1,.,0,,, ,1,.,0,,, ,1,.,0,,, ,1,.,0,,, ,0,.,9,8,,, ,0,.,9,8,]
83,[,1,.,0,,, ,0,.,9,8,,, ,0,.,9,8,,, ,1,.,0,,, ,1,.,0,,, ,1,.,0,,, ,1,.,0,,, ,0,.,9,6,,, ,1,.,0,,, ,0,.,9,8,,, ,0,.,9,8,,, ,1,.,0,,, ,1,.,0,,, ,1,.,0,,, ,1,.,0,,, ,1,.,0,,, ,1,.,0,,, ,0,.,9,8,,, ,1,.,0,,, ,1,.,0,,, ,1,.,0,,, ,1,.,0,,, ,1,.,0,,, ,1,.,0,,, ,1,.,0,,, ,0,.,9,8,,, ,1,.,0,,, ,1,.,0,,, ,1,.,0,,, ,1,.,0,]
84,[,1,.,0,,, ,1,.,0,,, ,1,.,0,,, ,1,.,0,,, ,1,.,0,,, ,1,.,0,,, ,1,.,0,,, ,1,.,0,,, ,1,.,0,,, ,0,.,9,8,,, ,1,.,0,,, ,0,.,9,8,,, ,1,.,0,,, ,1,.,0,,, ,1,.,0,,, ,1,.,0,,, ,1,.,0,,, ,1,.,0,,, ,1,.,0,,, ,1,.,0,,, ,1,.,0,,, ,1,.,0,,, ,1,.,0,,, ,0,.,9,8,,, ,1,.,0,,, ,1,.,0,,, ,1,.,0,,, ,0,.,9,8,,, ,1,.,0,,, ,0,.,9,8,]
85,[,1,.,0,,, ,1,.,0,,, ,1,.,0,,, ,1,.,0,,, ,0,.,9,6,,, ,1,.,0,,, ,1,.,0,,, ,1,.,0,,, ,1,.,0,,, ,1,.,0,,, ,1,.,0,,, ,1,.,0,,, ,1,.,0,,, ,0,.,9,6,,, ,1,.,0,,, ,1,.,0,,, ,1,.,0,,, ,0,.,9,8,,, ,1,.,0,,, ,1,.,0,,, ,1,.,0,,, ,1,.,0,,, ,1,.,0,,, ,1,.,0,,, ,1,.,0,,, ,1,.,0,,, ,1,.,0,,, ,1,.,0,,, ,0,.,9,8,,, ,1,.,0,]
86,[,0,.,9,6,,, ,1,.,0,,, ,0,.,9,8,,, ,1,.,0,,, ,1,.,0,,, ,1,.,0,,, ,1,.,0,,, ,1,.,0,,, ,1,.,0,,, ,1,.,0,,, ,0,.,9,6,,, ,0,.,9,8,,, ,1,.,0,,, ,0,.,9,6,,, ,1,.,0,,, ,1,.,0,,, ,1,.,0,,, ,1,.,0,,, ,1,.,0,,, ,1,.,0,,, ,0,.,9,8,,, ,1,.,0,,, ,1,.,0,,, ,0,.,9,6,,, ,1,.,0,,, ,1,.,0,,, ,1,.,0,,, ,1,.,0,,, ,1,.,0,,, ,1,.,0,]
87,[,1,.,0,,, ,1,.,0,,, ,1,.,0,,, ,1,.,0,,, ,1,.,0,,, ,1,.,0,,, ,1,.,0,,, ,1,.,0,,, ,0,.,9,8,,, ,1,.,0,,, ,0,.,9,8,,, ,1,.,0,,, ,1,.,0,,, ,1,.,0,,, ,0,.,9,8,,, ,1,.,0,,, ,1,.,0,,, ,1,.,0,,, ,1,.,0,,, ,1,.,0,,, ,1,.,0,,, ,1,.,0,,, ,1,.,0,,, ,1,.,0,,, ,1,.,0,,, ,0,.,9,6,,, ,1,.,0,,, ,1,.,0,,, ,1,.,0,,, ,1,.,0,]
88,[,1,.,0,,, ,0,.,9,8,,, ,1,.,0,,, ,0,.,9,6,,, ,1,.,0,,, ,1,.,0,,, ,1,.,0,,, ,0,.,9,8,,, ,1,.,0,,, ,1,.,0,,, ,1,.,0,,, ,1,.,0,,, ,1,.,0,,, ,1,.,0,,, ,1,.,0,,, ,1,.,0,,, ,1,.,0,,, ,1,.,0,,, ,0,.,9,8,,, ,1,.,0,,, ,1,.,0,,, ,0,.,9,8,,, ,1,.,0,,, ,1,.,0,,, ,1,.,0,,, ,1,.,0,,, ,0,.,9,8,,, ,1,.,0,,, ,1,.,0,,, ,1,.,0,]
89,[,1,.,0,,, ,1,.,0,,, ,1,.,0,,, ,1,.,0,,, ,1,.,0,,, ,1,.,0,,, ,1,.,0,,, ,1,.,0,,, ,0,.,9,8,,, ,1,.,0,,, ,1,.,0,,, ,1,.,0,,, ,1,.,0,,, ,1,.,0,,, ,1,.,0,,, ,1,.,0,,, ,1,.,0,,, ,0,.,9,8,,, ,1,.,0,,, ,1,.,0,,, ,1,.,0,,, ,1,.,0,,, ,1,.,0,,, ,1,.,0,,, ,1,.,0,,, ,1,.,0,,, ,1,.,0,,, ,1,.,0,,, ,1,.,0,,, ,1,.,0,]
90,[,1,.,0,,, ,0,.,9,6,,, ,1,.,0,,, ,1,.,0,,, ,1,.,0,,, ,1,.,0,,, ,1,.,0,,, ,1,.,0,,, ,0,.,9,6,,, ,1,.,0,,, ,1,.,0,,, ,1,.,0,,, ,1,.,0,,, ,1,.,0,,, ,1,.,0,,, ,1,.,0,,, ,1,.,0,,, ,0,.,9,8,,, ,1,.,0,,, ,1,.,0,,, ,1,.,0,,, ,1,.,0,,, ,1,.,0,,, ,1,.,0,,, ,1,.,0,,, ,1,.,0,,, ,1,.,0,,, ,0,.,9,8,,, ,1,.,0,,, ,1,.,0,]
91,[,1,.,0,,, ,1,.,0,,, ,1,.,0,,, ,1,.,0,,, ,1,.,0,,, ,1,.,0,,, ,1,.,0,,, ,1,.,0,,, ,1,.,0,,, ,1,.,0,,, ,1,.,0,,, ,0,.,9,6,,, ,1,.,0,,, ,1,.,0,,, ,1,.,0,,, ,1,.,0,,, ,1,.,0,,, ,1,.,0,,, ,1,.,0,,, ,1,.,0,,, ,1,.,0,,, ,1,.,0,,, ,1,.,0,,, ,1,.,0,,, ,1,.,0,,, ,1,.,0,,, ,1,.,0,,, ,1,.,0,,, ,1,.,0,,, ,1,.,0,]
92,[,1,.,0,,, ,1,.,0,,, ,1,.,0,,, ,1,.,0,,, ,1,.,0,,, ,1,.,0,,, ,1,.,0,,, ,1,.,0,,, ,0,.,9,8,,, ,1,.,0,,, ,1,.,0,,, ,1,.,0,,, ,0,.,9,8,,, ,1,.,0,,, ,1,.,0,,, ,1,.,0,,, ,1,.,0,,, ,1,.,0,,, ,1,.,0,,, ,1,.,0,,, ,1,.,0,,, ,1,.,0,,, ,1,.,0,,, ,1,.,0,,, ,1,.,0,,, ,1,.,0,,, ,1,.,0,,, ,1,.,0,,, ,1,.,0,,, ,1,.,0,]
93,[,1,.,0,,, ,1,.,0,,, ,1,.,0,,, ,1,.,0,,, ,1,.,0,,, ,1,.,0,,, ,1,.,0,,, ,1,.,0,,, ,1,.,0,,, ,1,.,0,,, ,1,.,0,,, ,1,.,0,,, ,1,.,0,,, ,1,.,0,,, ,1,.,0,,, ,1,.,0,,, ,1,.,0,,, ,1,.,0,,, ,1,.,0,,, ,0,.,9,8,,, ,1,.,0,,, ,1,.,0,,, ,1,.,0,,, ,1,.,0,,, ,1,.,0,,, ,1,.,0,,, ,1,.,0,,, ,1,.,0,,, ,0,.,9,8,,, ,1,.,0,]
94,[,1,.,0,,, ,1,.,0,,, ,1,.,0,,, ,1,.,0,,, ,1,.,0,,, ,1,.,0,,, ,1,.,0,,, ,1,.,0,,, ,1,.,0,,, ,1,.,0,,, ,1,.,0,,, ,1,.,0,,, ,1,.,0,,, ,0,.,9,8,,, ,1,.,0,,, ,0,.,9,8,,, ,1,.,0,,, ,0,.,9,8,,, ,1,.,0,,, ,0,.,9,6,,, ,1,.,0,,, ,1,.,0,,, ,1,.,0,,, ,1,.,0,,, ,1,.,0,,, ,1,.,0,,, ,1,.,0,,, ,1,.,0,,, ,1,.,0,,, ,1,.,0,]
95,[,1,.,0,,, ,1,.,0,,, ,1,.,0,,, ,1,.,0,,, ,1,.,0,,, ,1,.,0,,, ,1,.,0,,, ,1,.,0,,, ,1,.,0,,, ,1,.,0,,, ,1,.,0,,, ,1,.,0,,, ,1,.,0,,, ,1,.,0,,, ,1,.,0,,, ,1,.,0,,, ,1,.,0,,, ,1,.,0,,, ,1,.,0,,, ,1,.,0,,, ,1,.,0,,, ,1,.,0,,, ,0,.,9,8,,, ,1,.,0,,, ,1,.,0,,, ,1,.,0,,, ,1,.,0,,, ,1,.,0,,, ,1,.,0,,, ,1,.,0,]
96,[,1,.,0,,, ,1,.,0,,, ,1,.,0,,, ,0,.,9,6,,, ,1,.,0,,, ,1,.,0,,, ,1,.,0,,, ,1,.,0,,, ,1,.,0,,, ,1,.,0,,, ,1,.,0,,, ,1,.,0,,, ,1,.,0,,, ,1,.,0,,, ,1,.,0,,, ,1,.,0,,, ,0,.,9,8,,, ,1,.,0,,, ,1,.,0,,, ,1,.,0,,, ,1,.,0,,, ,0,.,9,8,,, ,1,.,0,,, ,1,.,0,,, ,1,.,0,,, ,1,.,0,,, ,1,.,0,,, ,1,.,0,,, ,1,.,0,,, ,1,.,0,]
97,[,1,.,0,,, ,1,.,0,,, ,1,.,0,,, ,1,.,0,,, ,1,.,0,,, ,1,.,0,,, ,1,.,0,,, ,1,.,0,,, ,1,.,0,,, ,1,.,0,,, ,1,.,0,,, ,1,.,0,,, ,1,.,0,,, ,1,.,0,,, ,1,.,0,,, ,1,.,0,,, ,1,.,0,,, ,1,.,0,,, ,1,.,0,,, ,1,.,0,,, ,1,.,0,,, ,1,.,0,,, ,1,.,0,,, ,1,.,0,,, ,1,.,0,,, ,1,.,0,,, ,1,.,0,,, ,1,.,0,,, ,1,.,0,,, ,1,.,0,]
98,[,1,.,0,,, ,1,.,0,,, ,1,.,0,,, ,1,.,0,,, ,1,.,0,,, ,0,.,9,6,,, ,1,.,0,,, ,1,.,0,,, ,1,.,0,,, ,1,.,0,,, ,1,.,0,,, ,1,.,0,,, ,1,.,0,,, ,1,.,0,,, ,1,.,0,,, ,1,.,0,,, ,1,.,0,,, ,1,.,0,,, ,1,.,0,,, ,1,.,0,,, ,1,.,0,,, ,1,.,0,,, ,1,.,0,,, ,1,.,0,,, ,1,.,0,,, ,1,.,0,,, ,1,.,0,,, ,1,.,0,,, ,1,.,0,,, ,1,.,0,]
99,[,1,.,0,,, ,1,.,0,,, ,1,.,0,,, ,1,.,0,,, ,1,.,0,,, ,1,.,0,,, ,1,.,0,,, ,1,.,0,,, ,1,.,0,,, ,1,.,0,,, ,1,.,0,,, ,1,.,0,,, ,1,.,0,,, ,1,.,0,,, ,1,.,0,,, ,1,.,0,,, ,1,.,0,,, ,1,.,0,,, ,1,.,0,,, ,1,.,0,,, ,1,.,0,,, ,1,.,0,,, ,1,.,0,,, ,1,.,0,,, ,1,.,0,,, ,1,.,0,,, ,1,.,0,,, ,1,.,0,,, ,1,.,0,,, ,1,.,0,]
100,[,1,.,0,,, ,1,.,0,,, ,1,.,0,,, ,1,.,0,,, ,0,.,9,8,,, ,1,.,0,,, ,1,.,0,,, ,1,.,0,,, ,1,.,0,,, ,1,.,0,,, ,1,.,0,,, ,1,.,0,,, ,1,.,0,,, ,1,.,0,,, ,1,.,0,,, ,0,.,9,8,,, ,1,.,0,,, ,1,.,0,,, ,1,.,0,,, ,1,.,0,,, ,1,.,0,,, ,1,.,0,,, ,1,.,0,,, ,1,.,0,,, ,1,.,0,,, ,1,.,0,,, ,1,.,0,,, ,1,.,0,,, ,1,.,0,,, ,1,.,0,]
